actual_price,dummy_regressor_prediction,ridge_regression_prediction,random_forest_regressor_prediction
310.0,288.00000000000006,201.9595120461785,205.8326221481601
177.0,288.00000000000006,248.76464011533628,212.6256703515232
226.0,288.00000000000006,260.02485585903014,230.42526685462335
285.0,288.00000000000006,371.2406848031362,440.2266265728146
343.0,288.00000000000006,310.3793548813637,289.9119780634506
631.0,288.00000000000006,421.0380162389082,666.4272311074332
228.0,288.00000000000006,271.70477352048795,275.02365685977713
177.0,288.00000000000006,159.82616050446688,156.10320629300193
377.0,288.00000000000006,267.32847485011627,319.29127534244094
311.0,288.00000000000006,245.05808653938305,254.06996187239568
588.0,288.00000000000006,299.08079675373983,274.52783521569427
143.0,288.00000000000006,133.29749624113813,132.2988542994071
174.0,288.00000000000006,294.55041870189575,236.65329100523087
208.0,288.00000000000006,185.54899129223122,182.4338577374536
249.0,288.00000000000006,239.96844650856397,275.9587830452755
252.0,288.00000000000006,306.70487817189274,298.5888855085749
263.0,288.00000000000006,265.1369779056818,270.3367167517199
228.0,288.00000000000006,278.9353568855201,260.936213668637
209.0,288.00000000000006,221.94648313240756,218.08839946204918
717.0,288.00000000000006,759.153979780147,627.3042220754076
244.0,288.00000000000006,245.41195789188478,250.84394292674313
114.0,288.00000000000006,90.50540719781588,99.7844697956912
770.0,288.00000000000006,829.4695503382655,736.9689927719091
162.0,288.00000000000006,205.83047856032638,230.94731120997292
159.0,288.00000000000006,127.19080955843367,133.22620089733923
304.0,288.00000000000006,293.8777079524026,358.2266753695482
1170.0,288.00000000000006,448.1149574759469,486.94798570526723
325.0,288.00000000000006,257.31506224211194,244.09907025261188
392.0,288.00000000000006,355.1322571392113,315.56394669462304
330.0,288.00000000000006,308.29160403913505,273.9318803956869
336.0,288.00000000000006,332.0631512440644,308.9002407060149
238.0,288.00000000000006,182.425392828385,218.1807533283659
113.0,288.00000000000006,162.71090578501858,124.20024332039803
180.0,288.00000000000006,160.0404207165234,154.40930885154194
635.0,288.00000000000006,475.7982193060062,494.99493791494575
220.0,288.00000000000006,307.8497725044598,279.7253771035777
212.0,288.00000000000006,168.41052762953063,194.01157445209725
245.0,288.00000000000006,299.43055593391614,300.80810523143185
528.0,288.00000000000006,595.2954807150703,527.5875159959934
306.0,288.00000000000006,273.5922352177605,250.68887259629014
240.0,288.00000000000006,271.5188994797732,237.1252368252896
148.0,288.00000000000006,116.55687480029054,119.23284582049826
466.0,288.00000000000006,386.2856003182839,421.3796285772561
238.0,288.00000000000006,257.16184096073005,271.9482407349372
322.0,288.00000000000006,308.34542971038576,271.171542043236
276.0,288.00000000000006,323.80180939141707,331.8270994126861
242.0,288.00000000000006,489.8769150073737,493.16049186204816
211.0,288.00000000000006,231.2507470824803,201.76843205217278
114.0,288.00000000000006,194.82176802847758,177.93296870395847
602.0,288.00000000000006,395.4923166501803,572.2282624901095
155.0,288.00000000000006,137.42226414981653,150.23751617284088
328.0,288.00000000000006,408.56151744894476,436.46204425172425
95.0,288.00000000000006,115.94371363610526,111.0411682434132
303.0,288.00000000000006,258.56566620865357,231.05467671800753
799.0,288.00000000000006,533.7086736532666,369.60079533180186
407.0,288.00000000000006,376.6468754669782,433.07222898471895
467.0,288.00000000000006,288.52437133227335,340.42356802395886
291.0,288.00000000000006,283.9536998997756,228.34825443449873
126.0,288.00000000000006,170.68369431541893,157.144516447474
157.0,288.00000000000006,230.14632391322445,204.85172377800905
422.0,288.00000000000006,290.57113932468445,260.9960609834903
761.0,288.00000000000006,492.97473763399074,461.04683635776786
136.0,288.00000000000006,157.9011595316629,134.7339547162395
129.0,288.00000000000006,105.6452890350057,116.1519244195351
386.0,288.00000000000006,601.0790750040364,634.6771723576668
333.0,288.00000000000006,345.043305142765,379.5884213415895
713.0,288.00000000000006,580.4079715660556,407.84084872641
264.0,288.00000000000006,256.5851495460469,301.68116365589066
561.0,288.00000000000006,313.95791683881436,352.50092981080417
402.0,288.00000000000006,477.2556400138425,415.50954430786487
445.0,288.00000000000006,597.281764998102,499.72810423021497
386.0,288.00000000000006,383.0042242052086,351.5447772335839
346.0,288.00000000000006,356.6347756486518,360.55955080008397
249.0,288.00000000000006,189.627877896773,175.04875496709005
316.0,288.00000000000006,354.3523129907648,420.6985778137378
680.0,288.00000000000006,555.6079028208412,652.4851209506933
428.0,288.00000000000006,403.8136557134983,380.2614695346586
616.0,288.00000000000006,337.53160895474775,347.97169381331406
314.0,288.00000000000006,335.80933741040997,306.8586870136099
306.0,288.00000000000006,230.97463703301952,244.5318497481313
661.0,288.00000000000006,471.5599577193921,542.8958203570911
244.0,288.00000000000006,283.7403446427897,319.54861981784694
145.0,288.00000000000006,316.1076971225523,306.3995828284649
304.0,288.00000000000006,381.5757637454517,352.30083764888286
253.0,288.00000000000006,445.5426336338963,301.3916591765424
162.0,288.00000000000006,272.1829290102703,262.29785717084894
297.0,288.00000000000006,304.18872423447147,275.07903437146484
371.0,288.00000000000006,315.93056700831056,310.1482804940188
65.0,288.00000000000006,91.6091081524579,84.64520850722414
254.0,288.00000000000006,244.8359803826354,270.310106202255
240.0,288.00000000000006,188.20087022384618,260.78539696752523
361.0,288.00000000000006,503.1196062237068,346.48886711385467
246.0,288.00000000000006,194.733838444926,256.4401225415379
337.0,288.00000000000006,362.04898339085145,362.8619694123346
377.0,288.00000000000006,292.18700286644275,265.25500454529663
144.0,288.00000000000006,205.09857721871526,136.57459036110953
431.0,288.00000000000006,253.44518047156947,280.8186570003883
226.0,288.00000000000006,282.6105895976554,243.9957234848951
731.0,288.00000000000006,616.771398705864,846.9365604458025
190.0,288.00000000000006,202.62386771715256,212.62996468061917
274.0,288.00000000000006,285.5953633729611,283.677897194424
430.0,288.00000000000006,382.706512024069,458.0278449713164
251.0,288.00000000000006,243.15706161509908,227.15120795656816
382.0,288.00000000000006,350.60417880888474,290.5926587286148
264.0,288.00000000000006,255.7197163720116,312.47212656077414
378.0,288.00000000000006,472.2475159927565,483.6838844914474
534.0,288.00000000000006,1010.6405130807244,809.2441261256686
212.0,288.00000000000006,260.3316652642289,218.04100740006473
426.0,288.00000000000006,452.36501737739115,374.94292646028845
172.0,288.00000000000006,226.53174908995646,187.59999155404523
240.0,288.00000000000006,271.36337231676805,289.64419295017785
119.0,288.00000000000006,251.85061949977734,225.04709770392222
685.0,288.00000000000006,333.2619278656763,446.789730649214
445.0,288.00000000000006,473.3466020138393,452.2586177827844
727.0,288.00000000000006,466.8844209826309,715.8207917803975
509.0,288.00000000000006,413.40933384072724,488.60525187004896
147.0,288.00000000000006,226.98873089748443,133.88097801391484
410.0,288.00000000000006,430.98230688004696,446.65217732479493
379.0,288.00000000000006,300.25371241338144,316.0066748996826
354.0,288.00000000000006,447.4605706807287,485.8767692279313
104.0,288.00000000000006,139.35537786901264,143.52453759900976
248.0,288.00000000000006,290.9534749568339,305.57278271453896
430.0,288.00000000000006,247.7355456929968,304.955139120692
69.0,288.00000000000006,5.631326073597904,100.91404503858739
401.0,288.00000000000006,604.1350550391365,512.1640419823168
600.0,288.00000000000006,378.25666451015474,537.3455175817012
1455.0,288.00000000000006,3186.8901031388755,1401.9810392186866
70.0,288.00000000000006,313.09743258275176,208.50266275224823
405.0,288.00000000000006,258.96339182736625,272.0190598387215
366.0,288.00000000000006,333.03695886103503,304.2925366453651
271.0,288.00000000000006,287.1219887378323,285.0213282123141
199.0,288.00000000000006,190.88726370130294,190.03553128089388
1170.0,288.00000000000006,695.2801073007279,768.7131271925012
364.0,288.00000000000006,351.0772475269405,406.6460741407881
1142.0,288.00000000000006,574.578553114105,386.3770271450729
460.0,288.00000000000006,436.08191565198564,370.6037149024401
406.0,288.00000000000006,394.6059494290238,345.1006290353957
1027.0,288.00000000000006,860.1386101597429,667.547343272582
528.0,288.00000000000006,413.95835411799555,432.95893561877006
381.0,288.00000000000006,310.17966328260405,308.25437527951163
206.0,288.00000000000006,259.74636744586536,247.0814833863116
293.0,288.00000000000006,314.88951570644076,279.7627318281052
443.0,288.00000000000006,273.0095312822188,430.72689957650573
270.0,288.00000000000006,208.04952486388135,242.4633840080343
376.0,288.00000000000006,193.02111021121038,209.86466472302575
759.0,288.00000000000006,484.48138175072467,558.7483286739985
246.0,288.00000000000006,184.43211130644744,170.67120538523142
252.0,288.00000000000006,233.17532616461685,207.47709526788833
134.0,288.00000000000006,207.23170366761187,158.76322008865
316.0,288.00000000000006,327.166920713485,316.87301102232385
236.0,288.00000000000006,258.1568355163305,186.7402072153866
307.0,288.00000000000006,399.82718483575104,288.03260190272147
314.0,288.00000000000006,394.69874031362514,380.54813268421043
223.0,288.00000000000006,228.9295367642902,268.5241250871619
289.0,288.00000000000006,226.6065424178046,251.54346259578742
400.0,288.00000000000006,371.11532740109544,344.8666349478871
350.0,288.00000000000006,367.044549838836,417.5193367418845
354.0,288.00000000000006,288.43340193226425,335.17067232516183
223.0,288.00000000000006,181.17497274242083,181.95656260993138
467.0,288.00000000000006,596.9020247008573,582.8295886126297
197.0,288.00000000000006,237.57883875749823,205.92593900193253
278.0,288.00000000000006,305.38169176844485,341.2084177294327
310.0,288.00000000000006,302.76180921018846,266.0052374357476
232.0,288.00000000000006,334.55378931711755,325.26600731860566
231.0,288.00000000000006,327.34365936905294,283.0710724479447
263.0,288.00000000000006,253.5888251864957,255.2249008905552
452.0,288.00000000000006,494.8204057187999,506.2482196963719
276.0,288.00000000000006,298.726010792715,317.36094469981737
188.0,288.00000000000006,226.0609853729618,227.38854928590433
852.0,288.00000000000006,382.2215121012045,356.38387212544586
278.0,288.00000000000006,381.44743856092117,313.1741027799283
274.0,288.00000000000006,275.4099535739234,272.1072210768847
304.0,288.00000000000006,265.29564736772875,330.8796103467472
300.0,288.00000000000006,390.3351336373792,370.643925996577
247.0,288.00000000000006,290.7693293872679,308.682199860126
911.0,288.00000000000006,399.0444118316805,499.6360094754363
208.0,288.00000000000006,161.9701489491198,159.65381974981474
365.0,288.00000000000006,540.0622550351324,520.4604276363331
128.0,288.00000000000006,178.00536318499954,165.02658079038966
276.0,288.00000000000006,379.68796747079523,362.0671723099116
291.0,288.00000000000006,236.60185981234574,284.80727965645576
400.0,288.00000000000006,533.0128127945312,366.7972077686476
204.0,288.00000000000006,97.02974630695975,145.0667731066126
533.0,288.00000000000006,288.87704442961467,304.6366991557134
322.0,288.00000000000006,316.7354537488679,264.22092322002226
571.0,288.00000000000006,212.75556259381386,482.7123051664432
162.0,288.00000000000006,144.24976767855273,168.25636128358968
264.0,288.00000000000006,250.5984675593858,311.1883680153834
220.0,288.00000000000006,378.02729585181635,375.4800393890532
571.0,288.00000000000006,503.15104292789607,546.6248403102094
126.0,288.00000000000006,223.6188036122614,173.85930048589333
830.0,288.00000000000006,623.5185831010033,483.8296241017571
210.0,288.00000000000006,320.44029229320705,264.04611501985823
223.0,288.00000000000006,232.52659863503374,237.85030954140848
394.0,288.00000000000006,330.7978914014226,308.9891877255111
224.0,288.00000000000006,298.84937155196906,306.93117820448447
320.0,288.00000000000006,360.54796257307646,399.0404271376589
200.0,288.00000000000006,261.30096397253675,221.58492305616872
343.0,288.00000000000006,237.5126514162159,390.3445738003653
163.0,288.00000000000006,225.2098602273037,240.51653008028643
526.0,288.00000000000006,485.29732484393463,527.7979202265398
537.0,288.00000000000006,328.19768440420273,324.93603461598076
611.0,288.00000000000006,338.7948721688349,391.6386406082032
657.0,288.00000000000006,543.3950914976219,544.9229392144786
799.0,288.00000000000006,516.2827859130656,709.5136266062885
293.0,288.00000000000006,308.448500701207,288.95391216792643
200.0,288.00000000000006,175.75501491136225,196.17645244775133
312.0,288.00000000000006,339.63195234129944,388.4243450787239
261.0,288.00000000000006,346.1057563302144,434.70701187703906
258.0,288.00000000000006,280.8568424087004,304.9388594144412
428.0,288.00000000000006,427.36529426990074,479.0573445391426
280.0,288.00000000000006,322.5210887152227,307.98752141782023
360.0,288.00000000000006,369.8146219343224,316.92247125961194
182.0,288.00000000000006,269.2818536232096,232.57171395324994
136.0,288.00000000000006,163.30323972386583,131.47834016192868
223.0,288.00000000000006,321.95223303448336,269.66370580830954
343.0,288.00000000000006,240.30140332750074,271.13377078672767
226.0,288.00000000000006,291.570063505731,282.0004513142395
202.0,288.00000000000006,354.0107418082421,339.9626532949121
318.0,288.00000000000006,291.15023812859243,264.5630123618586
284.0,288.00000000000006,370.9664271099293,249.97359370083743
230.0,288.00000000000006,286.9536911198898,292.9140132776258
286.0,288.00000000000006,344.6645378661788,358.7234661632149
403.0,288.00000000000006,439.5669363140774,390.3763527372625
651.0,288.00000000000006,533.42873762841,380.1489603799601
215.0,288.00000000000006,201.27124849492617,153.2136481431382
250.0,288.00000000000006,311.1182931406032,262.83896910049265
169.0,288.00000000000006,200.5925038941305,198.77536784355812
470.0,288.00000000000006,493.06118495463824,496.0255124060062
234.0,288.00000000000006,245.40004748834426,237.1793005061452
300.0,288.00000000000006,277.2484281118523,284.4795657676241
76.0,288.00000000000006,173.83053381629,96.12799408638811
272.0,288.00000000000006,152.8203508387923,224.1336892345344
239.0,288.00000000000006,220.97936172717152,197.97924706228684
304.0,288.00000000000006,268.4784123979349,237.48781243267243
468.0,288.00000000000006,352.4839673081821,268.18404192804974
183.0,288.00000000000006,253.51067471176194,121.7921953349221
183.0,288.00000000000006,171.30250858331152,299.752963583693
262.0,288.00000000000006,325.4721966306059,324.4334324365567
172.0,288.00000000000006,231.51759033066963,181.85330461089927
291.0,288.00000000000006,301.9963488347951,312.9301580166049
153.0,288.00000000000006,251.28856919211717,163.51096921737548
168.0,288.00000000000006,125.00810037350583,142.53079641615605
445.0,288.00000000000006,409.77600095036325,665.217211745333
404.0,288.00000000000006,292.2066532030182,302.5884878862591
337.0,288.00000000000006,358.9601894445462,458.28391789170854
446.0,288.00000000000006,571.7382501010754,863.780043852271
343.0,288.00000000000006,332.546633116202,260.218577947689
425.0,288.00000000000006,329.28391295717205,333.2420302420873
434.0,288.00000000000006,451.9675662494915,391.1108553410991
330.0,288.00000000000006,300.3683833024247,273.02316965177147
153.0,288.00000000000006,170.09224157230463,158.52241772429764
1487.0,288.00000000000006,295.7056704531109,800.9960506644801
434.0,288.00000000000006,546.8109461056994,491.1210799686958
419.0,288.00000000000006,302.6165280223194,273.74858293448176
192.0,288.00000000000006,328.8164102227495,329.2003131607116
237.0,288.00000000000006,302.0974586242657,279.78447853245177
157.0,288.00000000000006,149.11852315356555,150.92747186224707
650.0,288.00000000000006,448.06880918665547,459.46466079488494
762.0,288.00000000000006,568.5934470204464,634.8669413205146
440.0,288.00000000000006,273.6829038811605,303.34139156077987
278.0,288.00000000000006,238.03237196058492,319.27027795773984
112.0,288.00000000000006,158.18905565513398,185.81104422630327
283.0,288.00000000000006,305.8397960709031,304.1265096490768
203.0,288.00000000000006,179.90735777876117,169.1124085451709
295.0,288.00000000000006,348.58222986493337,277.39266332106087
103.0,288.00000000000006,123.15895540338667,111.85342539969483
159.0,288.00000000000006,143.40792039972015,165.94163142296802
306.0,288.00000000000006,254.3895102544829,260.40974205206214
274.0,288.00000000000006,349.58777286825676,391.47777038227684
236.0,288.00000000000006,243.37605755490716,202.83955189243247
257.0,288.00000000000006,304.31772430855773,272.91326123629796
320.0,288.00000000000006,277.6969770646057,299.5689532109246
257.0,288.00000000000006,295.6054565354915,261.2193921636627
146.0,288.00000000000006,166.97088838535532,183.66498530341022
217.0,288.00000000000006,293.5503603871685,276.9461676604491
158.0,288.00000000000006,168.4289198171811,168.46058860263878
370.0,288.00000000000006,252.09984099411355,297.75621074484883
424.0,288.00000000000006,432.5093968155341,547.0216550880511
229.0,288.00000000000006,298.643617839015,426.82787403027424
162.0,288.00000000000006,113.6855217114059,224.73605650546895
457.0,288.00000000000006,392.2401909923783,460.038265336069
434.0,288.00000000000006,477.8237381103139,476.50507070969053
338.0,288.00000000000006,432.6915324411744,359.64577129723625
337.0,288.00000000000006,349.8185175574784,341.0584892288669
273.0,288.00000000000006,334.6521530683405,369.35627364022525
410.0,288.00000000000006,246.28082749317218,324.651575853746
357.0,288.00000000000006,371.1358774113111,337.1399640170436
297.0,288.00000000000006,213.17727145025898,246.95860340704914
457.0,288.00000000000006,370.020357129732,418.8216572518146
311.0,288.00000000000006,316.985848404635,342.514792510632
314.0,288.00000000000006,375.5562815886016,377.83485566605617
788.0,288.00000000000006,465.9890864692206,436.11594360829014
360.0,288.00000000000006,348.9033477696589,490.7795798469922
158.0,288.00000000000006,232.77061658491544,172.3670029293495
674.0,288.00000000000006,539.2330330541228,531.60914485107
143.0,288.00000000000006,161.59666232628996,132.15662626497334
347.0,288.00000000000006,421.74289022226264,503.6776857887184
143.0,288.00000000000006,253.54086100203105,234.47046886697194
503.0,288.00000000000006,316.271536986799,348.2655713660053
788.0,288.00000000000006,324.85265432525983,350.3938980763672
251.0,288.00000000000006,264.14265808471026,276.1125612487976
240.0,288.00000000000006,232.23827162831506,236.55067713150385
226.0,288.00000000000006,219.45017503020566,147.2591179425647
323.0,288.00000000000006,325.47220488998556,396.4104888308607
240.0,288.00000000000006,248.11527736516675,292.5478656315768
109.0,288.00000000000006,126.75191843540483,117.34477978256199
253.0,288.00000000000006,300.1439573318419,301.1340175703775
171.0,288.00000000000006,192.7256485294265,187.38976481784502
358.0,288.00000000000006,304.5492346615803,329.94974018435335
92.0,288.00000000000006,103.67235390008489,102.03803693076107
266.0,288.00000000000006,272.43867847549546,245.67455107493916
516.0,288.00000000000006,422.01802049376164,358.56555383144746
169.0,288.00000000000006,120.75809688873267,136.69657934300375
247.0,288.00000000000006,374.7932870736341,344.27515010056436
323.0,288.00000000000006,287.59245703479684,258.6935594062525
238.0,288.00000000000006,382.3391892858109,367.937133044937
224.0,288.00000000000006,245.26354613807257,244.98881058910385
411.0,288.00000000000006,540.4000530984362,510.1432416686409
203.0,288.00000000000006,197.8020813404327,183.33420968964606
451.0,288.00000000000006,406.83408742509084,359.2169843652306
329.0,288.00000000000006,342.7027648752357,316.85302021351634
500.0,288.00000000000006,561.3437178456957,598.1778873107781
249.0,288.00000000000006,349.22903503190815,323.43559284344036
226.0,288.00000000000006,316.4237888863398,323.0507794467848
359.0,288.00000000000006,237.51362198274796,378.43000111120574
349.0,288.00000000000006,328.1833008820827,296.7726377368475
240.0,288.00000000000006,268.7177019935397,296.14495951794476
114.0,288.00000000000006,105.65871841549203,91.59472488066821
343.0,288.00000000000006,276.75965792940013,233.86455910079
251.0,288.00000000000006,234.6081082888064,228.33401770633628
166.0,288.00000000000006,232.10157477759049,210.40313225994038
217.0,288.00000000000006,279.4500694542419,311.3907836777332
714.0,288.00000000000006,495.9900685509132,557.8880466238736
400.0,288.00000000000006,462.7408709217841,410.1669735436866
129.0,288.00000000000006,104.82777011777041,128.37886777961413
381.0,288.00000000000006,237.27678150908307,262.1589676720995
150.0,288.00000000000006,187.04426292642282,178.47176197761593
329.0,288.00000000000006,220.22518938060034,231.9503771184707
182.0,288.00000000000006,217.79599291343172,218.53865108338323
571.0,288.00000000000006,371.846876272811,415.53979153244893
220.0,288.00000000000006,263.36244236792663,238.0260980735742
459.0,288.00000000000006,532.1444898486805,530.0364843218942
594.0,288.00000000000006,433.9086497128688,515.0439372460979
149.0,288.00000000000006,116.58868877029316,147.3159469010667
161.0,288.00000000000006,336.84920166741676,293.1967464210936
156.0,288.00000000000006,303.0467441987291,255.74955794948886
254.0,288.00000000000006,244.70471515959147,283.14437450673523
318.0,288.00000000000006,187.68092018138424,188.9137418530589
51.0,288.00000000000006,48.924066040067835,44.774046758084516
258.0,288.00000000000006,202.42333482014214,309.944986551995
117.0,288.00000000000006,181.03914782809838,141.1219402757589
125.0,288.00000000000006,101.72571572368086,133.19346015795406
119.0,288.00000000000006,137.3226670872515,134.49595827434615
362.0,288.00000000000006,502.0290366241878,492.94483113057277
1887.0,288.00000000000006,505.5093720457027,706.7752453725078
1062.0,288.00000000000006,710.8417997991294,631.9181702151585
57.0,288.00000000000006,132.80426383556687,80.69364508759102
395.0,288.00000000000006,254.57231300190486,260.29366829320065
417.0,288.00000000000006,598.1282156217421,559.3060576853286
251.0,288.00000000000006,286.5421198796924,220.4707533525136
575.0,288.00000000000006,459.24236449536807,409.21206926437293
259.0,288.00000000000006,244.80623410442212,217.28026883936496
725.0,288.00000000000006,698.498683730584,684.1909750675514
245.0,288.00000000000006,318.2331097402054,226.83841590100357
742.0,288.00000000000006,202.10305451258284,234.46075175224118
628.0,288.00000000000006,446.8207629320706,459.1698352219484
394.0,288.00000000000006,229.1934844272142,352.0921489614559
263.0,288.00000000000006,277.2225721614882,294.57984253505674
83.0,288.00000000000006,242.68112449519947,272.5379314358574
149.0,288.00000000000006,198.5102651374313,154.77971039163603
480.0,288.00000000000006,434.47061301983797,425.74063594469095
183.0,288.00000000000006,275.83524693788866,302.7819439084802
220.0,288.00000000000006,208.28420440096576,215.16417398001812
115.0,288.00000000000006,113.69783335770552,122.76785824255246
380.0,288.00000000000006,309.31609764716995,312.54342317439466
460.0,288.00000000000006,470.6600427548571,421.24060096443657
303.0,288.00000000000006,237.62006460857245,202.5210938116396
271.0,288.00000000000006,307.4680487826707,250.50778470802254
381.0,288.00000000000006,273.5774646552182,292.88125509665593
267.0,288.00000000000006,168.89003278512118,290.2794991962533
460.0,288.00000000000006,446.26736220055454,519.7762115007138
349.0,288.00000000000006,393.91520861904576,355.2819373408639
211.0,288.00000000000006,207.4626342940618,257.39336571368506
132.0,288.00000000000006,121.89101368481548,152.8798052490486
386.0,288.00000000000006,472.3827436478567,312.7597723610242
1712.0,288.00000000000006,581.086853107636,678.264475839323
537.0,288.00000000000006,801.5369887546002,333.47485053235624
174.0,288.00000000000006,219.82344642561574,229.0286636101408
314.0,288.00000000000006,391.77277368086186,380.60570566169747
205.0,288.00000000000006,226.91778075133107,257.1007403771467
500.0,288.00000000000006,479.83978332552556,555.5378035546668
366.0,288.00000000000006,518.3609657865763,496.8215339306327
267.0,288.00000000000006,195.7620535481283,241.83373250104762
247.0,288.00000000000006,397.81914903828397,390.83439300737473
310.0,288.00000000000006,369.22448704478967,339.2934811952711
252.0,288.00000000000006,319.7519105723224,264.06461007294354
342.0,288.00000000000006,307.02142239482754,313.8133977669645
217.0,288.00000000000006,235.97623742346616,273.08257844105185
457.0,288.00000000000006,619.1803534505992,427.8601256809432
171.0,288.00000000000006,174.368889313191,195.58712543809227
125.0,288.00000000000006,98.5976477496923,123.5330886551583
377.0,288.00000000000006,300.5993432366942,327.40229311743866
285.0,288.00000000000006,298.6885908821167,285.98472270203877
138.0,288.00000000000006,138.09272525113556,127.6102123921236
185.0,288.00000000000006,267.25030094056245,259.7864501325958
164.0,288.00000000000006,193.99866115390193,201.96211031861458
262.0,288.00000000000006,328.0997627273446,221.69334981155498
274.0,288.00000000000006,255.62082888104158,298.893740475121
471.0,288.00000000000006,281.8401565365144,278.84306615010826
177.0,288.00000000000006,172.30510911658817,171.19456372311222
402.0,288.00000000000006,357.73858736897284,295.98523100892197
358.0,288.00000000000006,390.34297704618444,235.08258718335614
561.0,288.00000000000006,441.44586848753846,472.1860381637023
702.0,288.00000000000006,586.5952194691898,609.9769663012396
254.0,288.00000000000006,303.68971117552616,309.5076316748387
327.0,288.00000000000006,276.46438721277565,301.93222368141846
337.0,288.00000000000006,493.9062806185258,452.9062131221339
246.0,288.00000000000006,275.7800311788028,268.2050312970844
192.0,288.00000000000006,338.1583928306571,278.1134424653494
399.0,288.00000000000006,398.9046893819774,329.6757502960697
377.0,288.00000000000006,351.60533135122853,444.0262087488341
381.0,288.00000000000006,420.919962692057,351.09164780915717
186.0,288.00000000000006,322.48847068185484,291.47213719900583
129.0,288.00000000000006,138.56366071488029,148.2607453974301
422.0,288.00000000000006,328.2914905904172,336.41911074635067
322.0,288.00000000000006,362.6997786727287,372.89289843649084
249.0,288.00000000000006,297.244797791302,269.606671596368
548.0,288.00000000000006,479.034489915706,498.82037898888433
474.0,288.00000000000006,374.2335469268842,343.31315564190726
239.0,288.00000000000006,247.44579273179272,247.85690387524417
274.0,288.00000000000006,394.23917249825155,356.5357146239397
346.0,288.00000000000006,524.4931412634768,400.4836193692401
417.0,288.00000000000006,403.8886795142181,456.02483955534535
491.0,288.00000000000006,375.8318939436107,422.8137663322723
530.0,288.00000000000006,474.7116131558957,258.3316950270698
284.0,288.00000000000006,316.7279063378081,335.61153074762404
357.0,288.00000000000006,377.7054459082074,358.5029429155472
274.0,288.00000000000006,359.3974334321157,494.49665477463526
216.0,288.00000000000006,238.3997132252107,201.11105019303287
1079.0,288.00000000000006,800.8508645959215,726.7508442292423
239.0,288.00000000000006,346.0941410607394,289.4285514944134
220.0,288.00000000000006,130.2174176746789,247.29362240894528
287.0,288.00000000000006,232.57510781176177,291.92096415587247
280.0,288.00000000000006,264.1158680902023,276.46097222241946
198.0,288.00000000000006,157.87147212095593,174.47163552003835
303.0,288.00000000000006,325.56412557153584,321.6504476349313
90.0,288.00000000000006,74.41578783679151,36.204847835055894
217.0,288.00000000000006,260.8822158163389,333.97066772920294
58.0,288.00000000000006,91.94702461202917,58.70230161899128
376.0,288.00000000000006,253.14114400867555,224.7386451335054
273.0,288.00000000000006,313.7049060112446,304.88682233171613
153.0,288.00000000000006,202.76847284883115,155.49830407823688
333.0,288.00000000000006,426.872094610412,540.7354194609835
83.0,288.00000000000006,184.25669787434055,145.74838242159464
286.0,288.00000000000006,466.43420172316445,432.06889144692957
457.0,288.00000000000006,421.1737892380733,517.8485937427529
266.0,288.00000000000006,360.0323732884137,416.2998219380229
343.0,288.00000000000006,363.8803512032257,439.78653431014595
207.0,288.00000000000006,194.14736958526728,260.6653607781445
407.0,288.00000000000006,263.9375085876482,286.9853069581853
286.0,288.00000000000006,322.8705728568554,304.8085298382425
362.0,288.00000000000006,283.0241072650093,343.80394675143555
300.0,288.00000000000006,292.68839471341647,296.44441519660074
363.0,288.00000000000006,336.9856277678856,281.9104133641281
76.0,288.00000000000006,161.43440184384,159.67658543753262
140.0,288.00000000000006,117.79743431147917,129.41580350378743
263.0,288.00000000000006,288.91780305847374,224.37843365887503
390.0,288.00000000000006,432.2322984441273,540.6316050725185
245.0,288.00000000000006,310.71773517851346,321.128267699305
181.0,288.00000000000006,237.34051129033557,233.72206839779258
240.0,288.00000000000006,260.53340267222114,237.19216110832227
382.0,288.00000000000006,222.562867579812,199.80179317092208
240.0,288.00000000000006,253.37763227908306,235.46198296278783
408.0,288.00000000000006,292.6133202744473,294.43246774316714
400.0,288.00000000000006,428.53086894790334,381.6700392159336
253.0,288.00000000000006,255.06663992681717,256.8747724551949
202.0,288.00000000000006,217.13851798730923,216.54811284157518
310.0,288.00000000000006,213.55702364239238,268.48157875073167
428.0,288.00000000000006,311.5100629626006,356.03879006788867
780.0,288.00000000000006,417.88770384714326,519.4441999919467
300.0,288.00000000000006,372.5087069203414,364.4814319063849
226.0,288.00000000000006,323.97157757303745,372.39122903430797
177.0,288.00000000000006,183.4451327505709,174.06243969295568
277.0,288.00000000000006,294.5963029516408,303.4823589986216
342.0,288.00000000000006,309.1127382292668,316.30576538460315
2477.0,288.00000000000006,663.8780300665248,794.9427216527822
371.0,288.00000000000006,567.4897478543558,485.3224219519926
408.0,288.00000000000006,493.3466275996106,443.43063565988206
400.0,288.00000000000006,404.5776715343593,356.28987311724865
423.0,288.00000000000006,427.99335787652484,477.13287713976206
281.0,288.00000000000006,209.96068270119574,244.9633634492176
546.0,288.00000000000006,355.0588343519723,419.1953619022712
143.0,288.00000000000006,122.28322015739352,154.92534962951441
335.0,288.00000000000006,307.9259174018787,306.48386307379246
428.0,288.00000000000006,404.56823963107365,470.09648868598373
583.0,288.00000000000006,466.70045962601813,581.7739871796134
228.0,288.00000000000006,387.95004146251955,388.58673126664746
99.0,288.00000000000006,160.43608502278497,126.91034312146112
232.0,288.00000000000006,238.48594387015044,361.01900419525657
742.0,288.00000000000006,539.564658657135,617.5484794632004
224.0,288.00000000000006,239.79223452124413,233.57921767531752
183.0,288.00000000000006,207.24799351369842,159.31799161595308
278.0,288.00000000000006,346.5093984269768,343.4119339061979
1132.0,288.00000000000006,507.21236771758663,569.1652249950421
210.0,288.00000000000006,295.34943276719196,286.97609310313214
330.0,288.00000000000006,392.27224313604967,591.0404414847565
160.0,288.00000000000006,210.3988229150311,161.46994910547494
674.0,288.00000000000006,567.2629995973487,437.7908746970118
417.0,288.00000000000006,612.6022336169972,498.89406554002045
225.0,288.00000000000006,279.9683949593284,252.1725412950173
361.0,288.00000000000006,335.65595101935884,354.5178525547913
277.0,288.00000000000006,237.88764782917946,267.15995903997634
285.0,288.00000000000006,134.37303026620842,194.35483396249046
520.0,288.00000000000006,515.8305970295397,544.6668263097201
265.0,288.00000000000006,313.4308255804408,271.50098163420415
238.0,288.00000000000006,281.3390287930259,261.6422440721685
206.0,288.00000000000006,204.4978900622651,211.37616626762372
248.0,288.00000000000006,209.05540655621775,215.80872907771243
268.0,288.00000000000006,540.6753265344383,390.9406903467438
349.0,288.00000000000006,247.16376951440574,334.35620700406827
159.0,288.00000000000006,177.01960465928343,173.9278140491703
428.0,288.00000000000006,460.9595124458251,420.1281704820101
507.0,288.00000000000006,348.6964151799647,430.261311643111
282.0,288.00000000000006,375.216138150919,392.09983092564784
457.0,288.00000000000006,319.944305815785,329.83734804766567
289.0,288.00000000000006,307.9557887821731,364.58893167139047
281.0,288.00000000000006,235.17854923031248,220.78180869816438
257.0,288.00000000000006,306.67471190113474,259.6467259998288
192.0,288.00000000000006,236.47214758626714,208.23800892484374
230.0,288.00000000000006,255.3934173386735,253.07543962586433
193.0,288.00000000000006,242.62118743594183,175.10687431126343
210.0,288.00000000000006,265.7744745725581,291.68879503116574
226.0,288.00000000000006,300.75751763539023,304.09578264263973
183.0,288.00000000000006,225.28679462185494,236.72377876003378
70.0,288.00000000000006,93.92910260493228,86.98002679719895
239.0,288.00000000000006,316.17106281243474,309.143485801147
297.0,288.00000000000006,217.25390035875256,185.83203913031508
95.0,288.00000000000006,170.02373640943645,132.40345115099842
228.0,288.00000000000006,258.6847523564829,221.19814609298
274.0,288.00000000000006,298.3880269202471,305.1849070111155
352.0,288.00000000000006,543.7563056657033,489.4561647905726
307.0,288.00000000000006,320.6145741933347,313.1145986082804
128.0,288.00000000000006,300.0418504328386,142.94192542711275
257.0,288.00000000000006,362.71519855757543,342.85655390811536
256.0,288.00000000000006,208.5243617725065,182.2085001254498
141.0,288.00000000000006,76.18088710891828,105.58591995407983
247.0,288.00000000000006,202.16311120292121,169.20879885331087
297.0,288.00000000000006,375.69099522204004,364.0926656732478
400.0,288.00000000000006,350.6024573835245,388.34531860636645
499.0,288.00000000000006,482.75462420627656,600.8332464179133
98.0,288.00000000000006,133.36837771924812,209.78700470442524
252.0,288.00000000000006,264.67259315004713,231.43289519805066
249.0,288.00000000000006,349.96487742365804,331.6622979962222
719.0,288.00000000000006,461.8356445223724,534.2177269363252
297.0,288.00000000000006,307.86618323450585,258.9343248280314
447.0,288.00000000000006,338.5548068371827,378.7274496739478
244.0,288.00000000000006,180.91372212062484,196.90601112365974
263.0,288.00000000000006,232.76731330579068,241.12058009589018
200.0,288.00000000000006,143.0074110120663,207.20886673725576
200.0,288.00000000000006,241.449263609476,290.34390454679914
259.0,288.00000000000006,291.2090767052547,290.59014778658445
228.0,288.00000000000006,215.48938532510394,259.13435947665545
304.0,288.00000000000006,309.82510118688634,325.55349497761136
970.0,288.00000000000006,372.7132026564564,336.6478206212411
685.0,288.00000000000006,689.0642179960535,538.6796876533797
331.0,288.00000000000006,285.3256347172942,232.8812039667462
800.0,288.00000000000006,506.46535826833804,558.5859349834476
252.0,288.00000000000006,391.59390424677656,317.29588845760446
303.0,288.00000000000006,415.060018354091,493.84945978109045
108.0,288.00000000000006,118.20804845646371,125.16772483556238
636.0,288.00000000000006,656.6086307272624,681.8906810711783
195.0,288.00000000000006,291.37432357692717,295.4640770076764
224.0,288.00000000000006,275.25421802289145,265.39254817931345
376.0,288.00000000000006,333.82401618445124,372.85497729473315
160.0,288.00000000000006,137.83344845564145,120.70408258295393
107.0,288.00000000000006,129.06093591415495,135.9510616033953
141.0,288.00000000000006,218.51475934063848,173.9267934927261
149.0,288.00000000000006,184.82230372532422,151.6563854278024
229.0,288.00000000000006,295.897668153322,294.9007430149984
401.0,288.00000000000006,270.40046700265236,182.8082126549993
121.0,288.00000000000006,131.67398419245546,147.3315446519221
183.0,288.00000000000006,176.79135277777016,191.27301670958866
129.0,288.00000000000006,110.20838568507116,136.41160717996968
209.0,288.00000000000006,343.87573949930356,238.5072633201794
212.0,288.00000000000006,286.6003412501762,267.93744947231806
416.0,288.00000000000006,353.4280047376703,316.50873167496593
428.0,288.00000000000006,465.81714547969915,530.5019339422073
599.0,288.00000000000006,537.1854012328063,719.1334046681943
970.0,288.00000000000006,435.70328306616386,566.1342993645167
222.0,288.00000000000006,282.0079576384342,282.4472473073861
280.0,288.00000000000006,336.9169819724807,311.9319538297711
228.0,288.00000000000006,309.1223524927488,295.49593953857294
173.0,288.00000000000006,177.93624289220398,196.0231303775647
225.0,288.00000000000006,272.5443381631122,250.9303412739854
308.0,288.00000000000006,265.672666231064,256.13308816920085
917.0,288.00000000000006,517.7009596366576,748.0325205175708
370.0,288.00000000000006,460.4466060821688,476.80986473323077
725.0,288.00000000000006,593.641117484435,904.157258077189
234.0,288.00000000000006,283.01982598144775,311.05213422481756
478.0,288.00000000000006,297.7468586824552,348.16816293622287
745.0,288.00000000000006,464.9172082667942,546.7631801803037
320.0,288.00000000000006,337.57851851689867,349.2718272685926
574.0,288.00000000000006,928.9445372048328,965.6083111209223
388.0,288.00000000000006,301.2942062208703,320.5625730028089
192.0,288.00000000000006,137.5555236339685,143.25291422854264
120.0,288.00000000000006,67.21014164560675,104.26954924308667
314.0,288.00000000000006,322.47409010847537,319.1110988618272
392.0,288.00000000000006,273.77993302189117,355.96210865603706
224.0,288.00000000000006,251.68968066530766,229.2588593898674
259.0,288.00000000000006,249.7547880975341,298.16602463686326
190.0,288.00000000000006,189.92440204506207,194.66096350011415
272.0,288.00000000000006,372.4750565862242,307.1700815250177
350.0,288.00000000000006,280.7544226263958,259.0468437747472
116.0,288.00000000000006,148.229930185981,163.45435032969183
483.0,288.00000000000006,564.5544774273815,530.3550542027741
480.0,288.00000000000006,398.38099813687415,441.1718827990659
190.0,288.00000000000006,277.74988348473727,303.0512828473688
496.0,288.00000000000006,391.3196015466294,385.17143942614484
77.0,288.00000000000006,153.23960130489792,167.6272781930913
196.0,288.00000000000006,267.8064964229553,211.69772482151745
121.0,288.00000000000006,138.691453640464,140.754080132811
175.0,288.00000000000006,268.79893070501987,253.55511249122003
188.0,288.00000000000006,238.4508658308705,203.54434119888606
362.0,288.00000000000006,359.9627866386072,511.6880075117548
268.0,288.00000000000006,306.07972945984454,307.26502553269614
691.0,288.00000000000006,622.4341766917655,678.8414050363123
568.0,288.00000000000006,813.5275088322439,808.7909799220564
172.0,288.00000000000006,303.10323824263844,284.2173494770404
209.0,288.00000000000006,338.6996589478646,298.28464895677035
240.0,288.00000000000006,237.06840614308211,194.84293727712105
238.0,288.00000000000006,233.33107822332448,221.59072295095254
175.0,288.00000000000006,253.2149734151732,272.98902822354614
272.0,288.00000000000006,358.33499659805875,364.0089506214486
315.0,288.00000000000006,308.09644222049116,233.9500248163975
98.0,288.00000000000006,133.6711184801645,136.8666489560132
457.0,288.00000000000006,341.522456149116,306.66731102112504
286.0,288.00000000000006,315.40829466296304,319.2601391072974
321.0,288.00000000000006,245.9829736635633,246.38259621583362
55.0,288.00000000000006,135.68051581005156,85.78463077209327
350.0,288.00000000000006,256.3868613371333,350.2367066475011
554.0,288.00000000000006,581.241156059966,555.2417634038602
268.0,288.00000000000006,398.75528403021156,430.4722722892914
283.0,288.00000000000006,182.63789161437774,198.9378026603647
420.0,288.00000000000006,416.157782128704,476.44324653456124
150.0,288.00000000000006,144.25476033914123,163.04738102996325
148.0,288.00000000000006,185.76534543668643,167.26976258490427
434.0,288.00000000000006,356.56537957023954,461.20791536736266
503.0,288.00000000000006,383.41053372606626,441.60011540959187
450.0,288.00000000000006,281.5023129867934,293.0921924417892
611.0,288.00000000000006,578.7410339224168,686.8219846446622
116.0,288.00000000000006,135.2988139477057,217.7143590679377
382.0,288.00000000000006,322.5857106456097,305.0076201676346
198.0,288.00000000000006,209.31644700748788,192.4068700511917
222.0,288.00000000000006,302.7188237104265,325.24429341589814
90.0,288.00000000000006,99.65587883701356,109.54217846678958
340.0,288.00000000000006,316.2753405362092,360.67902410848865
278.0,288.00000000000006,411.06340813787443,376.09414760154345
230.0,288.00000000000006,352.041752265964,392.09361151862
176.0,288.00000000000006,307.11525835286284,253.7363363896125
217.0,288.00000000000006,145.96628587216188,199.06033343750474
348.0,288.00000000000006,452.6353019466626,451.15513296495374
155.0,288.00000000000006,147.40705819546383,162.65421458081832
856.0,288.00000000000006,471.4227093597068,537.6157029629034
141.0,288.00000000000006,174.6204318787725,228.55962325696646
450.0,288.00000000000006,194.63352716560763,219.6797471095196
274.0,288.00000000000006,260.5466715703723,252.18367511309418
160.0,288.00000000000006,139.16205451112396,199.9330537693644
239.0,288.00000000000006,212.29324206482696,305.7929966006519
187.0,288.00000000000006,213.90264854569347,243.49266564020485
280.0,288.00000000000006,268.17795106841737,295.06955818761764
118.0,288.00000000000006,153.1943222724623,123.33996688851983
280.0,288.00000000000006,337.65988887431877,358.2934433664154
463.0,288.00000000000006,407.50406675748445,385.18088436646156
374.0,288.00000000000006,261.3792718435333,210.04840507189238
316.0,288.00000000000006,372.7835182147628,348.31991125780337
268.0,288.00000000000006,291.9961253252031,289.4026555698302
426.0,288.00000000000006,427.7481315778705,419.0941928288438
125.0,288.00000000000006,157.1147083952788,187.00927344948408
285.0,288.00000000000006,359.7342474943131,349.70675917007446
211.0,288.00000000000006,169.27225936862982,209.59530395291043
218.0,288.00000000000006,323.4372206329899,234.95773716673563
208.0,288.00000000000006,200.20209536438514,261.8424157514998
320.0,288.00000000000006,337.1362154381822,302.88770293831027
280.0,288.00000000000006,225.13591069433494,253.9491033441841
269.0,288.00000000000006,275.5466228161998,307.7106370295083
137.0,288.00000000000006,141.3685113942007,160.60111064495072
605.0,288.00000000000006,578.0577442575567,768.0029693143955
188.0,288.00000000000006,287.91782126994326,238.14487352138758
223.0,288.00000000000006,275.0467506860788,238.01630671473606
290.0,288.00000000000006,483.4136697914994,386.86683991885553
426.0,288.00000000000006,353.20420413317373,435.885176796404
244.0,288.00000000000006,241.88393846497866,252.90625700107225
179.0,288.00000000000006,155.2488516952006,184.84268313563095
250.0,288.00000000000006,233.26073934678678,269.1769423724761
449.0,288.00000000000006,404.41872363171086,382.2849070798748
440.0,288.00000000000006,412.21687542963093,419.6974953374717
622.0,288.00000000000006,362.5862180419803,454.1235616538139
113.0,288.00000000000006,113.10768144035646,122.30942819117591
274.0,288.00000000000006,276.8383271812066,283.05891331800274
293.0,288.00000000000006,287.19136237742987,308.6337487793387
186.0,288.00000000000006,325.5419404328575,330.4873698357148
479.0,288.00000000000006,671.04953207374,269.14122177600717
123.0,288.00000000000006,119.07841357293297,145.83328827763185
392.0,288.00000000000006,384.8874633241804,362.2859250825788
343.0,288.00000000000006,327.5350368267829,347.7585726156252
240.0,288.00000000000006,211.20059836258196,297.84391277257066
485.0,288.00000000000006,297.5957448216509,319.45108701366473
398.0,288.00000000000006,460.9956093578639,401.9402758564851
215.0,288.00000000000006,300.25706910604777,292.61197236211996
115.0,288.00000000000006,117.21279018247516,149.1523706199479
367.0,288.00000000000006,219.38363406244846,169.4353438449878
234.0,288.00000000000006,261.0438083274389,244.32139812041447
296.0,288.00000000000006,310.03775782845906,303.49953040268207
131.0,288.00000000000006,119.88046808549159,121.14779668961982
195.0,288.00000000000006,248.85585646619342,224.03241359805418
477.0,288.00000000000006,250.79057874886647,275.84961595343515
306.0,288.00000000000006,235.88853956249685,306.0571645081895
309.0,288.00000000000006,341.532526552419,367.8990867605768
248.0,288.00000000000006,174.98777893703988,170.20315108774903
1158.0,288.00000000000006,599.618987586564,656.5500787377292
155.0,288.00000000000006,156.2573569900306,234.87468830845094
417.0,288.00000000000006,414.3423380346604,380.72816059970285
180.0,288.00000000000006,204.57260318770003,244.6214126800604
222.0,288.00000000000006,263.90449950447254,249.27866445587543
269.0,288.00000000000006,319.7768527350295,302.16935158377265
123.0,288.00000000000006,227.05547369195105,238.98656536231422
217.0,288.00000000000006,281.67788140550186,240.1260312806151
485.0,288.00000000000006,876.4883020241803,839.7446854446927
793.0,288.00000000000006,537.4477094311424,708.1844695863196
127.0,288.00000000000006,295.3994425539114,185.081067546946
346.0,288.00000000000006,290.63098409913493,249.65583034479937
159.0,288.00000000000006,243.45794586916463,195.5071367362631
913.0,288.00000000000006,510.5507803603073,582.9054029684945
236.0,288.00000000000006,485.88124473780505,414.9248781829846
200.0,288.00000000000006,284.5621863876292,297.1440246391066
97.0,288.00000000000006,159.3299591291877,130.65934324327722
293.0,288.00000000000006,270.928033512782,238.09865136887177
321.0,288.00000000000006,315.2267056576179,326.78353578809333
400.0,288.00000000000006,329.3297082569383,332.4398709051938
197.0,288.00000000000006,98.95453652991748,126.85966172621605
288.0,288.00000000000006,201.94089527918808,248.20024271845045
291.0,288.00000000000006,305.47147798463277,296.7058308134692
320.0,288.00000000000006,480.11138061959923,370.9618706725606
428.0,288.00000000000006,419.2789125828208,403.10552231458524
384.0,288.00000000000006,342.45038727746635,432.1714345309922
434.0,288.00000000000006,338.6289748222422,454.2373395553728
193.0,288.00000000000006,162.66727741694424,136.08182509601514
337.0,288.00000000000006,382.92477215990016,460.7843322177258
255.0,288.00000000000006,333.3207607579556,299.81761942457655
253.0,288.00000000000006,286.2981119941226,290.1587746807246
463.0,288.00000000000006,429.63591674812733,517.6928250491252
232.0,288.00000000000006,275.5715921750851,289.04450361234717
223.0,288.00000000000006,279.82715044011866,264.64351573696115
605.0,288.00000000000006,449.97298904372724,415.11076022811454
297.0,288.00000000000006,348.05644125525305,328.8452116655839
142.0,288.00000000000006,168.68498016407005,146.10346840913846
600.0,288.00000000000006,513.6967871632775,533.537252925745
102.0,288.00000000000006,119.89954086839474,120.7656429551632
274.0,288.00000000000006,299.4173271605017,310.08563347755495
253.0,288.00000000000006,371.31429210876934,378.9407580982949
341.0,288.00000000000006,516.0001838455418,746.6988888691953
417.0,288.00000000000006,320.5156318029723,321.7752202220584
480.0,288.00000000000006,511.9255577840637,508.1465386733115
318.0,288.00000000000006,376.1070380652103,377.36637403150644
628.0,288.00000000000006,285.91403630299226,261.8215987466524
247.0,288.00000000000006,295.65617566535855,233.6764316278142
500.0,288.00000000000006,561.6856334980711,528.1525802642556
271.0,288.00000000000006,167.47295214170967,211.26017069645505
428.0,288.00000000000006,396.89599144752003,448.6000000810353
507.0,288.00000000000006,398.6490055703637,351.22239638089127
343.0,288.00000000000006,352.2822276133022,360.1681647780854
742.0,288.00000000000006,400.3792815664534,521.330435824051
246.0,288.00000000000006,280.4998167510074,306.17976095103194
280.0,288.00000000000006,342.38928998888133,364.1051310271807
259.0,288.00000000000006,307.92544563312504,270.0956852652691
127.0,288.00000000000006,194.92729095025956,141.07748118716998
354.0,288.00000000000006,338.19523110300264,329.47904119596666
355.0,288.00000000000006,297.39530012594673,312.03620813600736
314.0,288.00000000000006,315.20505009210274,258.6456299769564
727.0,288.00000000000006,541.0754402033724,594.2328440698354
408.0,288.00000000000006,342.2203499770611,285.414034595211
328.0,288.00000000000006,382.02091118508173,375.5320727753454
547.0,288.00000000000006,485.19328733359737,381.08080912946275
850.0,288.00000000000006,138.20482752887693,312.63834549450996
1141.0,288.00000000000006,579.2081571139654,412.9082238085628
304.0,288.00000000000006,294.78215929849654,313.6459531982078
358.0,288.00000000000006,616.2399946296654,396.4306599086447
371.0,288.00000000000006,439.8346490465428,449.88460578568225
333.0,288.00000000000006,313.8192666768719,331.1442875435457
377.0,288.00000000000006,312.72866100955565,325.1633772825957
565.0,288.00000000000006,366.28590528325435,502.6739296434122
189.0,288.00000000000006,186.66926303020625,194.00303515213412
554.0,288.00000000000006,449.92429964291364,427.2096498633847
639.0,288.00000000000006,394.92842755100406,518.9591845807281
428.0,288.00000000000006,211.56853774247452,253.02708506521992
590.0,288.00000000000006,399.29384851164957,383.9505513021802
222.0,288.00000000000006,140.38389953849295,181.3288989887034
365.0,288.00000000000006,388.9127112477592,363.5159872963316
223.0,288.00000000000006,189.50902176364517,205.27079193166637
229.0,288.00000000000006,306.21887505698965,275.92625429400624
255.0,288.00000000000006,341.3328834842587,348.8273028241388
369.0,288.00000000000006,342.0574695249869,341.30275948714933
564.0,288.00000000000006,441.7609593859602,395.5043212129164
364.0,288.00000000000006,243.07361093151172,272.2756959673892
212.0,288.00000000000006,222.3750047056993,208.3376015626106
172.0,288.00000000000006,159.44872232060214,190.67635510182285
314.0,288.00000000000006,388.08374749881585,353.9983077065388
175.0,288.00000000000006,275.56252711927635,288.8129477570682
229.0,288.00000000000006,224.04124150846854,170.17197555090652
341.0,288.00000000000006,499.3743150081294,474.2770124341566
514.0,288.00000000000006,444.23864752520166,480.99710647846877
323.0,288.00000000000006,276.8720124836199,283.6787249389101
427.0,288.00000000000006,331.04188497617764,309.0433880522486
229.0,288.00000000000006,157.8968126713384,262.9690468990077
208.0,288.00000000000006,181.02710868263108,177.78938418720864
326.0,288.00000000000006,343.4185274198421,315.8830610425385
613.0,288.00000000000006,756.6751548897468,678.0131697671733
325.0,288.00000000000006,330.19830362756664,348.7579363616128
390.0,288.00000000000006,333.67275242952314,349.88530843271496
277.0,288.00000000000006,240.06500367004037,283.96966469500074
140.0,288.00000000000006,219.35946731401407,206.96389655063027
245.0,288.00000000000006,310.2098179368239,356.697790197869
365.0,288.00000000000006,320.689966745458,299.30309913049325
263.0,288.00000000000006,248.75999195323098,264.2591045854728
226.0,288.00000000000006,252.08959240841594,237.5146040162651
168.0,288.00000000000006,169.40032277485824,261.50067110461026
297.0,288.00000000000006,346.3679928675574,382.8006330683028
257.0,288.00000000000006,285.1390833281521,280.74743759162027
151.0,288.00000000000006,183.33394850731514,116.9648819713249
314.0,288.00000000000006,431.76193425240854,431.55782839397705
257.0,288.00000000000006,263.55883841087626,245.76733430618756
565.0,288.00000000000006,408.87837254624037,392.85558731821135
179.0,288.00000000000006,233.78576616228037,207.6818604611898
1179.0,288.00000000000006,912.9396430018329,785.8598855185368
183.0,288.00000000000006,267.90806738364506,232.04774415229687
532.0,288.00000000000006,450.7024292800566,458.32425080965874
285.0,288.00000000000006,287.81176212290273,264.0112712598721
269.0,288.00000000000006,346.88019913563045,263.25523606993096
308.0,288.00000000000006,433.4109413868811,466.0793956888669
255.0,288.00000000000006,363.25699295132176,402.1614514477181
970.0,288.00000000000006,644.0975848344971,755.4630068691995
296.0,288.00000000000006,383.753865603517,408.2300525710301
137.0,288.00000000000006,218.84311485068804,177.8605609049185
343.0,288.00000000000006,299.7622332795779,285.621511659604
303.0,288.00000000000006,403.1715532595039,312.4965906154365
607.0,288.00000000000006,484.5312639593873,519.7600030715577
414.0,288.00000000000006,341.4891910392995,315.6487067132408
559.0,288.00000000000006,315.40333780085166,330.9156346194954
155.0,288.00000000000006,244.29465473954076,204.46962789680126
175.0,288.00000000000006,239.0667061052787,234.52609775271864
304.0,288.00000000000006,371.783554258987,394.61822971798716
483.0,288.00000000000006,457.7984890833143,517.5250127527594
160.0,288.00000000000006,105.75838389938396,119.60458706589692
361.0,288.00000000000006,246.2045686384173,211.32672807283186
308.0,288.00000000000006,288.75175737414185,269.44822624863644
121.0,288.00000000000006,175.9062803374676,140.08942790304482
358.0,288.00000000000006,423.14362518124574,463.07455253123715
1141.0,288.00000000000006,590.2598571590916,577.4023150781064
192.0,288.00000000000006,286.5836908427624,266.1113858383025
102.0,288.00000000000006,242.83085613024133,164.46882265055964
347.0,288.00000000000006,489.4423476173493,527.7226883699002
331.0,288.00000000000006,406.07510843445954,299.8791156073582
366.0,288.00000000000006,312.83468186214844,282.4976025369865
1340.0,288.00000000000006,723.2355301466637,963.191607750816
220.0,288.00000000000006,291.1207119537058,266.4551919798157
263.0,288.00000000000006,287.4733615033875,280.52024291738377
262.0,288.00000000000006,239.94130290271045,276.79205116091714
474.0,288.00000000000006,349.85144344645585,452.46889188102085
240.0,288.00000000000006,180.72677106790744,213.45830148606444
209.0,288.00000000000006,291.3080714913254,287.98076300700467
37.0,288.00000000000006,68.25294577842747,36.68783514687411
422.0,288.00000000000006,456.4455513327479,442.99044733354
163.0,288.00000000000006,192.95621944982358,119.89458758548923
167.0,288.00000000000006,150.9958454675647,140.03490982665613
753.0,288.00000000000006,515.5759512008175,606.5431738088159
548.0,288.00000000000006,551.8100668629996,543.2486879860187
278.0,288.00000000000006,247.80436499317116,325.13295290672175
119.0,288.00000000000006,174.86509034361987,171.6859243114224
174.0,288.00000000000006,188.20972628315687,143.6255352922329
87.0,288.00000000000006,127.19632384388763,128.0931532642549
358.0,288.00000000000006,305.90403515681925,380.5542165115932
285.0,288.00000000000006,381.0424466138667,354.29890134475744
337.0,288.00000000000006,397.4025798178194,431.8292454113659
273.0,288.00000000000006,282.1320164154056,273.9312890839144
149.0,288.00000000000006,149.38358431582412,135.66704658849937
600.0,288.00000000000006,372.2698077809787,427.76706115698164
236.0,288.00000000000006,285.09749846254994,298.3028661955372
155.0,288.00000000000006,128.50990721936685,153.55091275652504
276.0,288.00000000000006,167.3639908822209,232.31995862966926
125.0,288.00000000000006,253.34470248615025,227.17705614451216
217.0,288.00000000000006,260.556000746228,393.2110705083184
257.0,288.00000000000006,273.7452714704249,364.4898344888443
234.0,288.00000000000006,312.97914018942714,322.27513680591386
417.0,288.00000000000006,237.60058098086265,201.70575697511515
455.0,288.00000000000006,453.18399000451035,380.89656801229916
186.0,288.00000000000006,252.22070421470636,197.6284916943674
155.0,288.00000000000006,166.8316876999779,144.73923397551715
106.0,288.00000000000006,243.87215878304738,297.8080653340841
268.0,288.00000000000006,335.47448679310486,352.15249309963707
266.0,288.00000000000006,217.65813404338172,286.1346261407517
343.0,288.00000000000006,287.6182878675696,300.2861066247446
140.0,288.00000000000006,155.37711071292114,153.87300700020674
750.0,288.00000000000006,608.3524373317138,561.110977376628
280.0,288.00000000000006,305.4919243590744,284.37657554442
284.0,288.00000000000006,315.16497393613434,417.11722436647506
400.0,288.00000000000006,303.75335097272324,293.07986401245995
434.0,288.00000000000006,477.5301168139789,532.2159656717854
147.0,288.00000000000006,172.27370485957593,170.98262127549927
381.0,288.00000000000006,474.0462114040309,402.83310965862347
166.0,288.00000000000006,185.7574171959854,194.03507154896278
263.0,288.00000000000006,342.0969207604276,305.6956939909881
479.0,288.00000000000006,622.7898377801124,658.2768897461543
628.0,288.00000000000006,347.4209281813823,450.57830938304534
400.0,288.00000000000006,263.9780803613979,386.8661811410336
69.0,288.00000000000006,109.9863694367684,101.2965411565362
366.0,288.00000000000006,337.8205147181343,275.7302457373926
263.0,288.00000000000006,229.94110011499671,237.95285207340532
548.0,288.00000000000006,449.0146752616299,461.1011446147831
331.0,288.00000000000006,362.88184433199524,356.4309850181082
329.0,288.00000000000006,442.5641991216509,403.28845423327556
318.0,288.00000000000006,269.2096604092245,312.6751018450326
331.0,288.00000000000006,476.2480029140756,339.8862215937395
220.0,288.00000000000006,240.9981639011098,229.85198405976303
459.0,288.00000000000006,463.747096560014,529.5615855625967
366.0,288.00000000000006,341.535227656612,330.5357397109003
190.0,288.00000000000006,180.2893692092495,179.50146976418648
320.0,288.00000000000006,326.63851915042204,324.569634260959
140.0,288.00000000000006,142.42934268609343,130.89050389979732
139.0,288.00000000000006,255.0276326699767,228.39653895662778
434.0,288.00000000000006,499.78851470259497,615.2625193515291
771.0,288.00000000000006,422.0170559672777,494.03356793574045
171.0,288.00000000000006,182.78912435395225,202.30135116401047
387.0,288.00000000000006,457.77970984180547,451.57315997313447
311.0,288.00000000000006,438.68133123745326,537.4864401431325
181.0,288.00000000000006,296.8007651864148,266.3689106335286
451.0,288.00000000000006,387.3901713149904,341.82755923140627
257.0,288.00000000000006,330.9320095632783,384.4907726982188
339.0,288.00000000000006,398.63929350429294,257.97802696975924
85.0,288.00000000000006,111.7692686169567,141.507418944722
929.0,288.00000000000006,297.9964851068836,783.2064145030996
284.0,288.00000000000006,315.81134168406186,333.5038879821347
248.0,288.00000000000006,202.53803576313604,266.20860275144076
257.0,288.00000000000006,224.7087072100164,251.14825326400862
320.0,288.00000000000006,261.50236540558427,254.376537096379
205.0,288.00000000000006,260.84638274341233,322.36759703139563
215.0,288.00000000000006,311.1820069825649,282.7689670284153
151.0,288.00000000000006,153.56337371734216,168.48207284740724
157.0,288.00000000000006,167.08395749331896,167.17180030311982
114.0,288.00000000000006,186.54988353181483,144.26982129229467
248.0,288.00000000000006,216.7114309777657,171.7869758077624
1158.0,288.00000000000006,590.6963844783788,600.4385273548381
552.0,288.00000000000006,427.1362192417837,388.6193605174057
97.0,288.00000000000006,188.66233433600362,151.24511916965187
334.0,288.00000000000006,344.28585348141263,462.4473801980129
137.0,288.00000000000006,96.62221257059633,132.47302858387056
364.0,288.00000000000006,348.17143605715955,356.82238661173716
241.0,288.00000000000006,311.8650770625284,320.9292061463595
274.0,288.00000000000006,255.27289037697238,255.68689103121983
116.0,288.00000000000006,168.69642584976663,146.16208017172468
318.0,288.00000000000006,293.2816493197863,310.110132973702
257.0,288.00000000000006,275.78666788518734,271.06870555321547
286.0,288.00000000000006,290.3083228868325,317.9745276390294
489.0,288.00000000000006,400.406583368322,283.11536501123203
400.0,288.00000000000006,286.2803222089258,308.82889090289075
318.0,288.00000000000006,425.3867644740903,391.21907068696953
212.0,288.00000000000006,141.98113975842668,237.65966961439872
370.0,288.00000000000006,270.0320536326937,303.037513154904
1141.0,288.00000000000006,653.8980113365342,937.966924792876
548.0,288.00000000000006,308.66183280777926,288.13435862346574
372.0,288.00000000000006,478.77605380612283,445.0789228876185
434.0,288.00000000000006,499.8293618613944,541.4644933973839
280.0,288.00000000000006,366.65237087386333,333.2344393204805
388.0,288.00000000000006,379.9821555938906,392.093765778835
148.0,288.00000000000006,132.46850277499442,149.2167641747496
114.0,288.00000000000006,173.77195456298756,151.08089214284092
95.0,288.00000000000006,115.12104322192981,107.90311886946884
703.0,288.00000000000006,482.2864136137715,433.89854699342925
124.0,288.00000000000006,211.94058731371797,175.69935547941125
543.0,288.00000000000006,593.6886723919292,398.4034654312832
137.0,288.00000000000006,171.5936491630641,164.44562934230615
327.0,288.00000000000006,353.95981068333833,258.4864776705791
690.0,288.00000000000006,567.5575560952757,431.88901405392215
217.0,288.00000000000006,290.0818963832474,308.11170804036607
336.0,288.00000000000006,222.3649628355847,233.68903792288864
403.0,288.00000000000006,353.7273656724807,320.489021117619
112.0,288.00000000000006,125.9020430733152,137.7627170008741
213.0,288.00000000000006,277.6767160879505,235.3828349139373
456.0,288.00000000000006,433.9609428551482,386.48438640002206
625.0,288.00000000000006,645.8887111609387,703.0575954582259
300.0,288.00000000000006,352.7206482333916,326.98746408991326
187.0,288.00000000000006,140.91568411405538,172.51754418613837
262.0,288.00000000000006,350.9017894515452,310.16727100626906
420.0,288.00000000000006,440.31427849021674,522.5044489159716
265.0,288.00000000000006,240.119291433605,338.9381317697515
172.0,288.00000000000006,169.80773882386353,165.86776127630722
157.0,288.00000000000006,211.41614058929594,158.47561995455123
320.0,288.00000000000006,353.59200639058776,386.2644931035488
500.0,288.00000000000006,438.33108624786433,319.2628484592546
183.0,288.00000000000006,225.53857001498073,304.53413194828204
110.0,288.00000000000006,212.41089185505462,179.35601271057303
183.0,288.00000000000006,169.2976759400535,167.59760949554033
282.0,288.00000000000006,245.7696121062993,277.43990521856523
342.0,288.00000000000006,247.74241195670885,146.74948134921087
571.0,288.00000000000006,465.29978236072765,499.5528676050846
304.0,288.00000000000006,331.7811242950385,365.54979623683306
57.0,288.00000000000006,149.2902018756961,99.26667642073697
599.0,288.00000000000006,411.2754394027803,357.9040109057484
501.0,288.00000000000006,407.7546020172731,446.810013724172
94.0,288.00000000000006,94.14727620509532,98.10166816942764
218.0,288.00000000000006,305.13394536808437,287.1123238476012
234.0,288.00000000000006,320.1943600515601,301.6511370743877
200.0,288.00000000000006,226.53633537303529,156.6207865151225
309.0,288.00000000000006,291.38348589201513,296.34367598042394
103.0,288.00000000000006,170.46586767645778,125.88649067683686
243.0,288.00000000000006,310.7799280269724,541.8433420986564
153.0,288.00000000000006,156.6154011672663,171.97331770465885
325.0,288.00000000000006,567.3350313367469,553.5163136585531
369.0,288.00000000000006,311.9296938820061,335.6836955215744
346.0,288.00000000000006,304.43826696411173,342.9343657618811
298.0,288.00000000000006,319.53846497817267,294.2635887405971
134.0,288.00000000000006,150.74276990583417,162.46720162413217
702.0,288.00000000000006,264.70938982463065,281.3867951562846
182.0,288.00000000000006,232.72651574430142,289.8365881124449
146.0,288.00000000000006,233.1302859538721,183.5303342430149
439.0,288.00000000000006,448.9557323397859,476.5028353900556
32.0,288.00000000000006,65.79997983673833,36.77798330894614
283.0,288.00000000000006,340.1575771154838,391.41810439187793
373.0,288.00000000000006,336.4275413723543,316.72595302924356
205.0,288.00000000000006,260.8082257003529,263.3114915814966
285.0,288.00000000000006,346.36467949679576,329.5896612656146
185.0,288.00000000000006,216.35325357415135,169.61067434941424
295.0,288.00000000000006,187.37571935839387,183.7190099668679
412.0,288.00000000000006,547.1622403306993,522.1082030849986
326.0,288.00000000000006,324.1849380820283,271.14601699707134
528.0,288.00000000000006,522.7052720321244,525.492386024975
298.0,288.00000000000006,198.2628279080992,202.75172568850917
237.0,288.00000000000006,225.28680687683058,176.51080685203704
657.0,288.00000000000006,413.0511693558269,565.6569168704158
231.0,288.00000000000006,246.4336773898974,235.4568801015947
229.0,288.00000000000006,168.99188896082126,250.70938441280222
136.0,288.00000000000006,197.25473307943827,213.9928435673334
157.0,288.00000000000006,249.24938973479027,200.34743947322713
571.0,288.00000000000006,471.7642599830682,584.3706119343115
526.0,288.00000000000006,512.842951119396,564.9061952266997
223.0,288.00000000000006,300.46663610068396,232.60532415243068
358.0,288.00000000000006,450.2808117256035,508.4546776141901
583.0,288.00000000000006,323.5685556822981,232.73245404992784
137.0,288.00000000000006,186.74407945564323,184.43792878767752
184.0,288.00000000000006,96.43282953403256,108.95307751883065
460.0,288.00000000000006,459.0452080592621,443.33444982376744
430.0,288.00000000000006,242.20700512298586,422.73916433246006
90.0,288.00000000000006,96.158120847355,116.58798120415203
685.0,288.00000000000006,503.58384129407807,931.2279568652802
205.0,288.00000000000006,229.4993332038809,181.1536151942072
192.0,288.00000000000006,289.055058882672,253.63217053925248
557.0,288.00000000000006,405.2940042096571,466.44874064515454
168.0,288.00000000000006,191.7533267376444,181.8673841552712
407.0,288.00000000000006,335.9406860972627,414.2894588083344
417.0,288.00000000000006,392.1243467552602,383.1525644123414
321.0,288.00000000000006,468.44983510636666,371.25028435683873
685.0,288.00000000000006,565.081393337863,436.69195898149746
168.0,288.00000000000006,245.66478044606416,197.74186894225767
229.0,288.00000000000006,359.97656371704403,330.713220986076
175.0,288.00000000000006,216.59623203568685,252.8918189597826
229.0,288.00000000000006,264.9669148246274,272.64048425500647
356.0,288.00000000000006,426.1534341555358,367.6122451353438
242.0,288.00000000000006,268.1515027227046,218.09105889487057
286.0,288.00000000000006,289.4897047333785,361.12230173440713
320.0,288.00000000000006,307.62040756391383,309.25742363664926
234.0,288.00000000000006,188.24808267809462,195.15569566381916
129.0,288.00000000000006,184.0520845438315,202.745672388269
443.0,288.00000000000006,374.2267520192704,400.16271536289344
360.0,288.00000000000006,301.95433094950255,284.16402658453455
86.0,288.00000000000006,129.2223131069054,114.88019968979626
133.0,288.00000000000006,135.57952144660752,156.04516921653365
400.0,288.00000000000006,279.9084340800127,333.1435468436182
491.0,288.00000000000006,389.27043680388516,504.724283955881
411.0,288.00000000000006,361.8213009582758,362.4853586139076
263.0,288.00000000000006,324.44492835647907,351.1099785782023
591.0,288.00000000000006,645.8695331926457,526.8850111998722
323.0,288.00000000000006,295.6974419461807,274.7960136432105
65.0,288.00000000000006,101.55962528572297,86.01473899089028
173.0,288.00000000000006,195.81958543843066,170.97688728120173
536.0,288.00000000000006,398.890659179947,369.91180541438405
247.0,288.00000000000006,291.62072135932,316.8801889796875
519.0,288.00000000000006,460.5735136736392,503.18950187352544
204.0,288.00000000000006,154.90943416567004,171.1619805627585
454.0,288.00000000000006,390.3432730498123,332.70530594459933
280.0,288.00000000000006,306.3350530757736,314.8970058469374
204.0,288.00000000000006,188.88725526504606,186.46103349860925
464.0,288.00000000000006,533.1462950586396,578.3497739534662
386.0,288.00000000000006,504.2916995268814,495.5977322428824
272.0,288.00000000000006,322.50559679871384,270.3228942022706
304.0,288.00000000000006,334.9718006763976,344.9325027049233
274.0,288.00000000000006,270.8206563883824,304.5233268990254
373.0,288.00000000000006,306.08918528775195,317.60202264051156
348.0,288.00000000000006,240.26118550689395,333.3352164240185
314.0,288.00000000000006,604.3407746130505,523.4030607633117
141.0,288.00000000000006,111.47267574019995,146.3858349475499
337.0,288.00000000000006,350.4883175965792,389.4298124050483
103.0,288.00000000000006,141.25068669579113,97.49823177938067
297.0,288.00000000000006,197.3924355827306,264.50960327799686
397.0,288.00000000000006,327.7834326034908,315.02182980759653
885.0,288.00000000000006,624.5545543459586,628.558623649716
802.0,288.00000000000006,397.2940103085111,608.4371814404485
194.0,288.00000000000006,248.5331276346051,248.30174390655864
970.0,288.00000000000006,773.0196021269313,549.7765473549472
371.0,288.00000000000006,335.31553615761567,411.94878914215764
451.0,288.00000000000006,311.1059658084735,277.14638820235274
242.0,288.00000000000006,306.150274474582,265.7133729931764
141.0,288.00000000000006,193.13586946848434,171.28607711247045
500.0,288.00000000000006,515.3485605601278,385.78094715485605
271.0,288.00000000000006,270.76411774749346,212.61637278235256
411.0,288.00000000000006,303.105025285286,323.2726933869915
423.0,288.00000000000006,328.56079568109675,337.38175562453074
228.0,288.00000000000006,148.97108142820642,170.1793416711603
275.0,288.00000000000006,191.884933912031,200.14263251031718
146.0,288.00000000000006,164.3761434986526,197.9221954292172
280.0,288.00000000000006,195.95883728531697,164.10503981961648
225.0,288.00000000000006,228.7259228915911,197.90402667187897
125.0,288.00000000000006,87.36247139366479,133.45204015796241
131.0,288.00000000000006,136.60795360807143,142.16857664293823
335.0,288.00000000000006,249.01645474023218,207.3518156041455
287.0,288.00000000000006,231.14154114351433,219.03569071667766
302.0,288.00000000000006,385.50060543514144,351.5392882315623
220.0,288.00000000000006,293.46874913346943,299.8324194504577
283.0,288.00000000000006,347.8776837559612,302.4592788659225
248.0,288.00000000000006,387.12024827908004,353.6503676911936
311.0,288.00000000000006,252.12735188554095,303.29165172339845
354.0,288.00000000000006,342.65674098239555,323.81560596199006
206.0,288.00000000000006,236.6693494629682,184.7257847301011
335.0,288.00000000000006,456.1446232049582,470.34390357477247
144.0,288.00000000000006,192.70563012231594,198.8270271543671
546.0,288.00000000000006,528.1063154714648,370.72972731837507
164.0,288.00000000000006,192.40181187698943,165.27739445510488
417.0,288.00000000000006,335.97110267953343,319.44293150783705
342.0,288.00000000000006,286.9090733104634,301.69014551283857
128.0,288.00000000000006,164.455546150157,166.77278270538233
416.0,288.00000000000006,235.82892280357223,336.27900661447734
628.0,288.00000000000006,550.0669910645413,697.5946847040427
359.0,288.00000000000006,378.9821073238661,472.34908049691853
115.0,288.00000000000006,120.37034396935792,142.26317444896364
328.0,288.00000000000006,296.16096470930273,313.32992056317596
314.0,288.00000000000006,406.10541487102756,422.13217286199375
263.0,288.00000000000006,329.45364167122824,356.6490273433739
434.0,288.00000000000006,278.78223463002666,331.8771196214173
466.0,288.00000000000006,410.77225809920975,371.6648407373351
158.0,288.00000000000006,102.58866193488056,174.94500911976965
310.0,288.00000000000006,398.05211067349836,355.4638582238755
303.0,288.00000000000006,211.54083003216343,202.45363116056618
95.0,288.00000000000006,103.48048494906497,100.26092703422073
276.0,288.00000000000006,223.35514642385732,230.04829131763262
156.0,288.00000000000006,184.93362253018927,160.94392969961555
334.0,288.00000000000006,363.63789257409303,312.01261275283906
157.0,288.00000000000006,201.29467613663377,155.6662848036444
237.0,288.00000000000006,289.354383917294,294.4276040888092
142.0,288.00000000000006,144.2346939113727,217.02361378924132
249.0,288.00000000000006,233.51653264795073,226.93149741294496
696.0,288.00000000000006,569.1367912019213,561.2097294171868
229.0,288.00000000000006,311.5686018833181,296.59749284270475
554.0,288.00000000000006,302.0501965335627,511.394916698878
216.0,288.00000000000006,341.4642361062788,317.9401764666776
247.0,288.00000000000006,236.66468871489997,252.77569010852176
308.0,288.00000000000006,306.1484768830365,301.7972482826755
428.0,288.00000000000006,402.8952531735748,231.50310655515545
321.0,288.00000000000006,188.46657994005363,267.92872998877124
39.0,288.00000000000006,109.45809155947076,48.848703557713144
211.0,288.00000000000006,262.76044873860553,250.61444270075114
203.0,288.00000000000006,228.67666054029644,214.04750557468148
360.0,288.00000000000006,278.212412579682,269.9672059756667
280.0,288.00000000000006,387.85788485786895,319.395519142147
384.0,288.00000000000006,556.6051725407957,551.038533929349
413.0,288.00000000000006,502.32724951887553,571.8146098523007
894.0,288.00000000000006,610.0260352945584,700.3109276293338
485.0,288.00000000000006,543.5596670641286,604.9959185709288
436.0,288.00000000000006,343.4490568982039,385.000360262549
942.0,288.00000000000006,551.3043587762563,626.1437206068051
300.0,288.00000000000006,295.4499519179922,284.4967689402803
61.0,288.00000000000006,61.45716125449747,49.85389519312803
428.0,288.00000000000006,344.1029662659326,308.2570193456143
991.0,288.00000000000006,712.4553631329096,414.1565828811303
407.0,288.00000000000006,352.4330194608618,348.3853889122294
139.0,288.00000000000006,248.9495842127926,219.3415036860442
257.0,288.00000000000006,249.4526357553418,261.3996939652473
993.0,288.00000000000006,556.8906143699674,839.2961221420359
388.0,288.00000000000006,343.78066315112983,300.06092061239053
221.0,288.00000000000006,279.53985014514444,269.444318503997
109.0,288.00000000000006,114.46668582960784,139.81540960374002
240.0,288.00000000000006,224.44754433528303,201.16232879696355
297.0,288.00000000000006,251.0557116906325,250.7271802457761
334.0,288.00000000000006,469.08124657776955,416.73543561716633
328.0,288.00000000000006,468.8945188752153,382.60676522087283
818.0,288.00000000000006,646.7790804348426,657.7777632390386
381.0,288.00000000000006,294.19423219568864,281.12472267894367
254.0,288.00000000000006,242.97370789396547,230.05781167514175
245.0,288.00000000000006,253.68730401152987,245.7929452526782
409.0,288.00000000000006,464.5720643568848,428.99914619684967
460.0,288.00000000000006,527.6147653259161,415.90916464494904
423.0,288.00000000000006,284.3635556723909,297.16167549390093
368.0,288.00000000000006,374.24553219969766,344.9265464189365
799.0,288.00000000000006,573.1408336377334,524.4409400747136
594.0,288.00000000000006,382.0625240678407,316.0869478558095
320.0,288.00000000000006,309.1515945684447,297.9265699038807
296.0,288.00000000000006,406.6697941603465,293.9576544763287
362.0,288.00000000000006,346.68334941801027,338.66046019411147
224.0,288.00000000000006,300.9134199759893,246.03963300310258
225.0,288.00000000000006,267.6070558518664,312.56518093240237
205.0,288.00000000000006,248.90359965502293,230.80363420579448
320.0,288.00000000000006,263.30654624443775,258.6937334929276
412.0,288.00000000000006,402.87892375832894,493.95886714315185
286.0,288.00000000000006,291.15065305747885,303.27726690667805
189.0,288.00000000000006,132.72639244741805,179.22840820907012
285.0,288.00000000000006,476.16632107503943,671.1999772702379
240.0,288.00000000000006,260.16189163373576,250.52547143025427
559.0,288.00000000000006,654.0920807578686,493.8228104443301
514.0,288.00000000000006,599.4589789380288,694.2914183705751
329.0,288.00000000000006,312.6606689210747,294.92060838369974
668.0,288.00000000000006,432.34854731508904,723.30250944324
600.0,288.00000000000006,652.9223842066046,721.7316316841217
605.0,288.00000000000006,503.4066362338688,502.29794779469256
357.0,288.00000000000006,236.4594147211972,193.09249856338397
273.0,288.00000000000006,277.3495875461785,363.7873424330456
252.0,288.00000000000006,173.5103974674496,324.92928099469657
262.0,288.00000000000006,303.1791388863635,219.1230964135977
227.0,288.00000000000006,264.54639685610243,268.5853955028989
301.0,288.00000000000006,363.0164023253927,395.35446921581064
302.0,288.00000000000006,330.8451742262713,281.85836297217793
120.0,288.00000000000006,152.22250418063774,177.65286153908127
300.0,288.00000000000006,400.1021701325867,408.2388196743179
291.0,288.00000000000006,248.95242949683762,261.34590577738567
343.0,288.00000000000006,229.82561166552895,355.9627713442218
371.0,288.00000000000006,493.3948709141833,549.4502023713198
656.0,288.00000000000006,767.5707198342877,618.0641154849155
468.0,288.00000000000006,657.6990559543586,677.3681944445398
160.0,288.00000000000006,118.717549188342,124.81350869794072
357.0,288.00000000000006,331.2006415980563,333.8527567909269
218.0,288.00000000000006,568.5478476549963,494.6728114055542
432.0,288.00000000000006,379.7982804000824,445.96577574842865
126.0,288.00000000000006,134.0684159288007,142.45676586241265
136.0,288.00000000000006,182.94181899143777,151.32937985712533
575.0,288.00000000000006,740.5295650141853,539.0957544787441
123.0,288.00000000000006,92.1639591652581,97.10740321330462
250.0,288.00000000000006,207.60562814149856,249.6012443729843
127.0,288.00000000000006,180.30296816385155,149.29434000428543
96.0,288.00000000000006,147.5404878680264,89.86205170455978
283.0,288.00000000000006,237.38792782579003,232.913090456723
748.0,288.00000000000006,619.1274061097376,777.2524699971993
450.0,288.00000000000006,309.89557155712816,304.61584181192796
289.0,288.00000000000006,293.0911787495035,277.1081023969535
207.0,288.00000000000006,229.04392639761986,216.86340999118156
353.0,288.00000000000006,314.3470413420749,306.95715661374
123.0,288.00000000000006,96.50596720603062,132.92561232739405
377.0,288.00000000000006,298.51470684362477,232.04186219574643
365.0,288.00000000000006,322.4815712432616,313.0560971037672
104.0,288.00000000000006,141.98091886735264,142.09747327564492
534.0,288.00000000000006,371.5002687586962,346.8725084973114
337.0,288.00000000000006,288.6201113375989,300.5159029352629
197.0,288.00000000000006,176.52057176963638,208.2331318105223
343.0,288.00000000000006,362.13979751048527,290.0639289036522
331.0,288.00000000000006,353.40095430882997,359.33079897735803
365.0,288.00000000000006,348.7104679917532,327.02476712076765
120.0,288.00000000000006,140.9392903167258,136.5326110968066
286.0,288.00000000000006,303.3203377975075,302.63919315664646
133.0,288.00000000000006,110.08723423849902,119.37470522942122
239.0,288.00000000000006,257.3094644668627,236.5615254704997
120.0,288.00000000000006,113.20443832662029,155.48470949595216
354.0,288.00000000000006,360.844511694231,335.0229434601934
415.0,288.00000000000006,341.18439107552035,367.5701411657256
99.0,288.00000000000006,125.40204725331455,137.22993198278118
963.0,288.00000000000006,770.3284402562482,855.904900760051
249.0,288.00000000000006,208.25164686251415,246.43851903213223
200.0,288.00000000000006,270.5009670003375,240.89085574848045
171.0,288.00000000000006,176.4250065774356,223.64725624126234
269.0,288.00000000000006,266.8583487497055,287.35891317269125
175.0,288.00000000000006,249.33730394346532,227.24092615413753
299.0,288.00000000000006,376.01739289177476,337.480363144827
180.0,288.00000000000006,223.17298931143006,196.74214559292184
141.0,288.00000000000006,185.2435525797266,161.6034050652923
135.0,288.00000000000006,167.11208345295776,168.0312981559514
178.0,288.00000000000006,148.97023564293292,163.67696063665286
90.0,288.00000000000006,106.1008717727476,117.81236087005851
468.0,288.00000000000006,560.7789959083432,578.1735451071916
352.0,288.00000000000006,273.6529393185848,163.13662846680583
457.0,288.00000000000006,292.57529689038887,256.03388994484
728.0,288.00000000000006,459.4457669076514,490.5316228690374
275.0,288.00000000000006,283.1450608393571,345.81587294913345
177.0,288.00000000000006,255.0150717832226,257.6478128162834
303.0,288.00000000000006,218.6451203968782,212.30570726350575
208.0,288.00000000000006,260.33772350054653,255.04232127342675
388.0,288.00000000000006,425.3701784850407,370.46969128522653
610.0,288.00000000000006,667.0341412533808,628.8377943426592
381.0,288.00000000000006,466.56153612855206,434.4246014798055
285.0,288.00000000000006,334.04801102356146,322.57833654608
117.0,288.00000000000006,210.2754969770085,185.75830973293603
