dataset_name,file_name,column_name,data_type,missing_count,missing_percentage,unique_count,minimum,maximum,sample_values,profile_note
neighbourhoods,neighbourhoods.csv,neighbourhood_group,float64,22,100.0,0.0,,,,
neighbourhoods,neighbourhoods.csv,neighbourhood,str,0,0.0,22.0,,,Bijlmer-Centrum | Bijlmer-Oost | Bos en Lommer,
summary_listings,listings.csv,id,int64,0,0.0,10465.0,28871,1708158632781004601,28871 | 29051 | 44129,
summary_listings,listings.csv,name,str,0,0.0,10148.0,,,Comfortable double room | Comfortable single / double room | Luxury design with canal view,
summary_listings,listings.csv,host_id,float64,96,0.9173,9104.0,3592.0,1.705253369814659e+18,124245.0 | 187728.0 | 194779.0,
summary_listings,listings.csv,host_profile_id,float64,233,2.2265,9076.0,1.462506389112963e+18,1.7078657404326943e+18,1.462510208428039e+18 | 1.4625121252931446e+18 | 1.4625123369036503e+18,
summary_listings,listings.csv,host_name,str,238,2.2742,3793.0,,,Edwin | Tanya | Jan,
summary_listings,listings.csv,neighbourhood_group,float64,10465,100.0,0.0,,,,
summary_listings,listings.csv,neighbourhood,str,0,0.0,22.0,,,Centrum-West | Centrum-Oost | Buitenveldert - Zuidas,
summary_listings,listings.csv,latitude,float64,0,0.0,7569.0,52.290276216002695,52.4251585173962,52.36775 | 52.36584 | 52.38211,
summary_listings,listings.csv,longitude,float64,0,0.0,8576.0,4.75587,5.02815,4.89092 | 4.89111 | 4.8863,
summary_listings,listings.csv,room_type,str,0,0.0,4.0,,,Private room | Entire home/apt | Hotel room,
summary_listings,listings.csv,price,float64,3994,38.1653,842.0,15.0,11412.0,94.0 | 314.0 | 440.0,
summary_listings,listings.csv,minimum_nights,float64,3,0.0287,48.0,1.0,800.0,1.0 | 3.0 | 2.0,
summary_listings,listings.csv,number_of_reviews,int64,0,0.0,606.0,0,5603,799 | 906 | 186,
summary_listings,listings.csv,last_review,str,1033,9.871,1506.0,,,2026-06-01 | 2026-04-30 | 2022-08-20,
summary_listings,listings.csv,reviews_per_month,float64,1033,9.871,703.0,0.01,92.56,4.15 | 4.88 | 0.96,
summary_listings,listings.csv,calculated_host_listings_count,float64,96,0.9173,20.0,1.0,24.0,2.0 | 4.0 | 1.0,
summary_listings,listings.csv,availability_365,int64,0,0.0,366.0,0,365,11 | 2 | 3,
summary_listings,listings.csv,number_of_reviews_ltm,int64,0,0.0,157.0,0,813,88 | 82 | 5,
summary_listings,listings.csv,license,str,319,3.0483,9032.0,,,0363 607B EA74 0BD8 2F6F | 03635399E87602900F47 | 0363 E76E F06A C1DD 172C,
summary_reviews,reviews.csv,listing_id,int64,0,0.0,9432.0,28871,1704341300366137848,28871 | 29051 | 44129,
summary_reviews,reviews.csv,date,str,0,0.0,5327.0,,,2010-08-22 | 2014-10-19 | 2015-02-09,
detailed_listings,listings.csv.gz,id,int64,0,0.0,10369.0,28871,1708158632781004601,28871 | 29051 | 44129,
detailed_listings,listings.csv.gz,listing_url,str,0,0.0,10369.0,,,https://www.airbnb.com/rooms/28871 | https://www.airbnb.com/rooms/29051 | https://www.airbnb.com/rooms/44129,
detailed_listings,listings.csv.gz,scrape_id,int64,0,0.0,1.0,20260615212022,20260615212022,20260615212022,
detailed_listings,listings.csv.gz,last_scraped,str,0,0.0,3.0,,,2026-06-16 | 2026-06-24 | 2026-06-15,
detailed_listings,listings.csv.gz,source,str,0,0.0,2.0,,,previous scrape | city scrape,
detailed_listings,listings.csv.gz,name,str,0,0.0,10076.0,,,Comfortable double room | Comfortable single / double room | Luxury design with canal view,
detailed_listings,listings.csv.gz,description,str,450,4.3399,9640.0,,,"Basic bedroom in the center of Amsterdam. | This room can also be rented as a single or a small double<br /><br />Also a cat lives here | Welcome to my little gem<br /><br />Cozy, bright and romantic one bedroom apartment on the first floor of a three sto...",
detailed_listings,listings.csv.gz,neighborhood_overview,float64,10369,100.0,0.0,,,,
detailed_listings,listings.csv.gz,picture_url,str,0,0.0,10315.0,,,https://a0.muscache.com/pictures/160889/362340f7_original.jpg | https://a0.muscache.com/pictures/162009/bd6be2f8_original.jpg | https://a0.muscache.com/pictures/hosting/Hosting-44129/original/956f8b2f-8203-4d88-b179-3d9ad860dfd1.jpeg,
detailed_listings,listings.csv.gz,host_id,int64,0,0.0,9104.0,3592,1705253369814659132,124245 | 187728 | 194779,
detailed_listings,listings.csv.gz,host_url,str,0,0.0,9104.0,,,https://www.airbnb.com/users/show/124245 | https://www.airbnb.com/users/show/187728 | https://www.airbnb.com/users/show/194779,
detailed_listings,listings.csv.gz,host_profile_id,float64,142,1.3695,9067.0,1.462506389112963e+18,1.7078657404326943e+18,1.462510208428039e+18 | 1.4625121252931446e+18 | 1.4625123369036503e+18,
detailed_listings,listings.csv.gz,host_profile_url,str,137,1.3212,9076.0,,,https://www.airbnb.com/users/profile/1462510208428038971 | https://www.airbnb.com/users/profile/1462512125293144456 | https://www.airbnb.com/users/profile/1462512336903650281,
detailed_listings,listings.csv.gz,host_name,str,142,1.3695,3793.0,,,Edwin | Tanya | Jan,
detailed_listings,listings.csv.gz,host_since,float64,10369,100.0,0.0,,,,
detailed_listings,listings.csv.gz,hosts_time_as_user_years,float64,142,1.3695,18.0,0.0,17.0,16.0 | 15.0 | 14.0,
detailed_listings,listings.csv.gz,hosts_time_as_user_months,float64,142,1.3695,12.0,0.0,11.0,1.0 | 10.0 | 9.0,
detailed_listings,listings.csv.gz,hosts_time_as_host_years,float64,142,1.3695,16.0,0.0,15.0,15.0 | 10.0 | 14.0,
detailed_listings,listings.csv.gz,hosts_time_as_host_months,float64,142,1.3695,12.0,0.0,11.0,5.0 | 11.0 | 3.0,
detailed_listings,listings.csv.gz,host_location,str,1372,13.2317,222.0,,,"Amsterdam, The Netherlands | Amsterdam, Netherlands | Haarlem, Netherlands",
detailed_listings,listings.csv.gz,host_about,str,4959,47.8252,4567.0,,,"Hi | I am little bit of a nomad. Born in Belarus, raised in Canada, converted to Europe in London and finally settled in m... | Love to travel while hosting and to host while travelling!",
detailed_listings,listings.csv.gz,host_response_time,float64,10369,100.0,0.0,,,,
detailed_listings,listings.csv.gz,host_response_rate,float64,10369,100.0,0.0,,,,
detailed_listings,listings.csv.gz,host_acceptance_rate,float64,10369,100.0,0.0,,,,
detailed_listings,listings.csv.gz,host_is_superhost,str,142,1.3695,2.0,,,t | f,
detailed_listings,listings.csv.gz,host_thumbnail_url,float64,10369,100.0,0.0,,,,
detailed_listings,listings.csv.gz,host_picture_url,str,142,1.3695,9005.0,,,https://a0.muscache.com/im/pictures/user/9986bbdb-632f-42b5-a866-8e3307184977.jpg?aki_policy=profile_x_medium | https://a0.muscache.com/im/users/187728/profile_pic/1441737374/original.jpg?aki_policy=profile_x_medium | https://a0.muscache.com/im/users/194779/profile_pic/1436464796/original.jpg?aki_policy=profile_x_medium,
detailed_listings,listings.csv.gz,host_neighbourhood,float64,10369,100.0,0.0,,,,
detailed_listings,listings.csv.gz,host_listings_count,float64,142,1.3695,39.0,1.0,1167.0,2.0 | 6.0 | 1.0,
detailed_listings,listings.csv.gz,host_total_listings_count,float64,10369,100.0,0.0,,,,
detailed_listings,listings.csv.gz,host_verifications,float64,10369,100.0,0.0,,,,
detailed_listings,listings.csv.gz,host_has_profile_pic,str,142,1.3695,2.0,,,t | f,
detailed_listings,listings.csv.gz,host_identity_verified,str,142,1.3695,2.0,,,t | f,
detailed_listings,listings.csv.gz,neighbourhood,float64,10369,100.0,0.0,,,,
detailed_listings,listings.csv.gz,neighbourhood_cleansed,str,0,0.0,22.0,,,Centrum-West | Centrum-Oost | Buitenveldert - Zuidas,
detailed_listings,listings.csv.gz,neighbourhood_group_cleansed,float64,10369,100.0,0.0,,,,
detailed_listings,listings.csv.gz,latitude,float64,0,0.0,7560.0,52.290276216002695,52.4251585173962,52.36775 | 52.36584 | 52.38211,
detailed_listings,listings.csv.gz,longitude,float64,0,0.0,8565.0,4.75587,5.02815,4.89092 | 4.89111 | 4.8863,
detailed_listings,listings.csv.gz,property_type,str,0,0.0,59.0,,,Private room in rental unit | Private room in condo | Entire rental unit,
detailed_listings,listings.csv.gz,room_type,str,0,0.0,4.0,,,Private room | Entire home/apt | Hotel room,
detailed_listings,listings.csv.gz,accommodates,int64,0,0.0,14.0,1,16,2 | 4 | 3,
detailed_listings,listings.csv.gz,bathrooms,float64,4956,47.7963,13.0,0.5,17.0,1.0 | 1.5 | 2.0,
detailed_listings,listings.csv.gz,bathrooms_text,str,9,0.0868,22.0,,,1 shared bath | 1.5 baths | 1 bath,
detailed_listings,listings.csv.gz,bedrooms,float64,1150,11.0908,11.0,0.0,17.0,1.0 | 2.0 | 3.0,
detailed_listings,listings.csv.gz,beds,float64,4652,44.8645,22.0,1.0,33.0,2.0 | 4.0 | 1.0,
detailed_listings,listings.csv.gz,amenities,str,0,0.0,10009.0,,,"[""Heating"", ""Fire extinguisher"", ""Hot water"", ""Refrigerator"", ""Bed linens"", ""Private entrance"", ""Carbon monoxide alar... | [""Heating"", ""Fire extinguisher"", ""Hot water"", ""Refrigerator"", ""Shower gel"", ""Bed linens"", ""Private entrance"", ""Carbon... | [""Smoking allowed"", ""Extra pillows and blankets"", ""Stove"", ""Heating"", ""Refrigerator"", ""Shower gel"", ""Hair dryer"", ""Ho...",
detailed_listings,listings.csv.gz,price,str,3992,38.4994,2709.0,,,$94.00 | $313.67 | $440.27,
detailed_listings,listings.csv.gz,price_quote_checkin_date,str,3861,37.236,285.0,,,2027-05-29 | 2026-07-16 | 2026-06-19,
detailed_listings,listings.csv.gz,price_quote_checkout_date,str,3861,37.236,313.0,,,2027-05-31 | 2026-07-19 | 2026-06-21,
detailed_listings,listings.csv.gz,price_quote_total_price,float64,3992,38.4994,2354.0,31.0,57059.0,188.0 | 941.0 | 880.53,
detailed_listings,listings.csv.gz,price_quote_price_per_night,float64,3992,38.4994,2709.0,14.7,11412.0,94.0 | 313.67 | 440.27,
detailed_listings,listings.csv.gz,price_quote_raw,str,3861,37.236,6173.0,,,"{""quote"": {""taxes"": null, ""currency"": ""EUR"", ""date_match"": null, ""service_fee"": null, ""total_price"": ""188"", ""cleaning... | {""quote"": {""taxes"": null, ""currency"": ""EUR"", ""date_match"": null, ""service_fee"": null, ""total_price"": ""941"", ""cleaning... | {""quote"": {""taxes"": null, ""currency"": ""EUR"", ""date_match"": null, ""service_fee"": null, ""total_price"": ""880.53"", ""clean...",
detailed_listings,listings.csv.gz,minimum_nights,float64,3,0.0289,48.0,1.0,800.0,1.0 | 3.0 | 2.0,
detailed_listings,listings.csv.gz,maximum_nights,float64,3,0.0289,111.0,1.0,2147483647.0,730.0 | 1125.0 | 365.0,
detailed_listings,listings.csv.gz,minimum_minimum_nights,float64,3,0.0289,48.0,1.0,800.0,1.0 | 3.0 | 2.0,
detailed_listings,listings.csv.gz,maximum_minimum_nights,float64,3,0.0289,54.0,1.0,800.0,2.0 | 5.0 | 3.0,
detailed_listings,listings.csv.gz,minimum_maximum_nights,float64,3,0.0289,111.0,1.0,2147483647.0,730.0 | 1125.0 | 365.0,
detailed_listings,listings.csv.gz,maximum_maximum_nights,float64,3,0.0289,111.0,1.0,2147483647.0,730.0 | 1125.0 | 365.0,
detailed_listings,listings.csv.gz,minimum_nights_avg_ntm,float64,0,0.0,183.0,1.0,800.0,2.0 | 5.0 | 3.0,
detailed_listings,listings.csv.gz,maximum_nights_avg_ntm,float64,0,0.0,378.0,1.0,2147483647.0,730.0 | 1125.0 | 365.0,
detailed_listings,listings.csv.gz,calendar_updated,float64,10369,100.0,0.0,,,,
detailed_listings,listings.csv.gz,has_availability,str,136,1.3116,2.0,,,t | f,
detailed_listings,listings.csv.gz,availability_30,int64,0,0.0,31.0,0,30,1 | 0 | 3,
detailed_listings,listings.csv.gz,availability_60,int64,0,0.0,61.0,0,60,1 | 2 | 3,
detailed_listings,listings.csv.gz,availability_90,int64,0,0.0,91.0,0,90,1 | 2 | 3,
detailed_listings,listings.csv.gz,availability_365,int64,0,0.0,366.0,0,365,11 | 2 | 3,
detailed_listings,listings.csv.gz,calendar_last_scraped,str,0,0.0,3.0,,,2026-06-16 | 2026-06-24 | 2026-06-15,
detailed_listings,listings.csv.gz,number_of_reviews,int64,0,0.0,601.0,0,5603,799 | 906 | 186,
detailed_listings,listings.csv.gz,number_of_reviews_ltm,int64,0,0.0,145.0,0,813,88 | 82 | 5,
detailed_listings,listings.csv.gz,number_of_reviews_l30d,int64,0,0.0,24.0,0,41,5 | 6 | 0,
detailed_listings,listings.csv.gz,availability_eoy,int64,0,0.0,200.0,0,199,2 | 3 | 0,
detailed_listings,listings.csv.gz,number_of_reviews_ly,int64,0,0.0,143.0,0,959,95 | 85 | 1,
detailed_listings,listings.csv.gz,estimated_occupancy_l365d,int64,0,0.0,84.0,0,255,255 | 39 | 0,
detailed_listings,listings.csv.gz,estimated_revenue_l365d,float64,3992,38.4994,3852.0,0.0,344955.0,23970.0 | 12233.0 | 112269.0,
detailed_listings,listings.csv.gz,first_review,str,1023,9.8659,3102.0,,,2010-08-22 | 2011-03-16 | 2010-08-16,
detailed_listings,listings.csv.gz,last_review,str,1023,9.8659,1504.0,,,2026-06-01 | 2026-04-30 | 2022-08-20,
detailed_listings,listings.csv.gz,review_scores_rating,float64,1023,9.8659,123.0,1.0,5.0,4.86 | 4.82 | 4.88,
detailed_listings,listings.csv.gz,review_scores_accuracy,float64,1023,9.8659,116.0,1.0,5.0,4.89 | 4.88 | 4.81,
detailed_listings,listings.csv.gz,review_scores_cleanliness,float64,1024,9.8756,140.0,1.0,5.0,4.84 | 4.83 | 4.88,
detailed_listings,listings.csv.gz,review_scores_checkin,float64,1023,9.8659,103.0,1.0,5.0,4.94 | 4.93 | 4.89,
detailed_listings,listings.csv.gz,review_scores_communication,float64,1023,9.8659,107.0,1.0,5.0,4.94 | 4.93 | 4.89,
detailed_listings,listings.csv.gz,review_scores_location,float64,1023,9.8659,107.0,1.0,5.0,4.93 | 4.88 | 4.95,
detailed_listings,listings.csv.gz,review_scores_value,float64,1023,9.8659,146.0,1.0,5.0,4.83 | 4.79 | 4.59,
detailed_listings,listings.csv.gz,license,str,223,2.1506,9032.0,,,0363 607B EA74 0BD8 2F6F | 03635399E87602900F47 | 0363 E76E F06A C1DD 172C,
detailed_listings,listings.csv.gz,instant_bookable,float64,10369,100.0,0.0,,,,
detailed_listings,listings.csv.gz,calculated_host_listings_count,int64,0,0.0,20.0,1,24,2 | 4 | 1,
detailed_listings,listings.csv.gz,calculated_host_listings_count_entire_homes,int64,0,0.0,15.0,0,19,0 | 3 | 1,
detailed_listings,listings.csv.gz,calculated_host_listings_count_private_rooms,int64,0,0.0,14.0,0,15,2 | 1 | 0,
detailed_listings,listings.csv.gz,calculated_host_listings_count_shared_rooms,int64,0,0.0,5.0,0,10,0 | 1 | 10,
detailed_listings,listings.csv.gz,reviews_per_month,float64,1023,9.8659,680.0,0.01,92.56,4.15 | 4.88 | 0.96,
neighbourhoods_geojson,neighbourhoods.geojson,neighbourhood,str,0,0.0,22.0,,,Bijlmer-Oost | Oud-Noord | Noord-Oost,GeoJSON property or derived geometry type; lexical min/max not reported.
neighbourhoods_geojson,neighbourhoods.geojson,neighbourhood_group,object,22,100.0,0.0,,,,GeoJSON property or derived geometry type; lexical min/max not reported.
neighbourhoods_geojson,neighbourhoods.geojson,geometry_type,str,0,0.0,1.0,,,MultiPolygon,GeoJSON property or derived geometry type; lexical min/max not reported.
calendar,calendar.csv.gz,listing_id,BIGINT,0,0.0,10465.0,28871,1708158632781004601,613088 | 741043 | 800723,
calendar,calendar.csv.gz,date,DATE,0,0.0,378.0,2026-06-15,2027-06-27,2027-03-06 | 2027-03-29 | 2027-04-13,
calendar,calendar.csv.gz,available,BOOLEAN,0,0.0,2.0,,,False | True,
calendar,calendar.csv.gz,minimum_nights,BIGINT,0,0.0,56.0,1,800,11 | 26 | 55,
calendar,calendar.csv.gz,maximum_nights,BIGINT,0,0.0,169.0,1,2147483647,37 | 35 | 326,
detailed_reviews,reviews.csv.gz,listing_id,BIGINT,0,0.0,9432.0,28871,1704341300366137848,34559989 | 34561783 | 34581534,
detailed_reviews,reviews.csv.gz,id,BIGINT,0,0.0,545162.0,79730,1717984606216649127,928775656234006160 | 972363018841870664 | 985416705731032621,
detailed_reviews,reviews.csv.gz,date,DATE,0,0.0,5327.0,2010-08-16,2026-06-28,2021-05-24 | 2021-06-21 | 2024-10-19,
detailed_reviews,reviews.csv.gz,reviewer_id,BIGINT,0,0.0,523777.0,1,1711012061390045280,75034330 | 271082519 | 13338931,
detailed_reviews,reviews.csv.gz,reviewer_name,VARCHAR,1,0.0002,72308.0,,,Emmanuel | Kai | Marifer,
detailed_reviews,reviews.csv.gz,comments,VARCHAR,0,0.0,,,,"Ollie was great host, accommodated special requests. was very friendly and helpful.. The Tiny Houseboot was a unique ... | Saubere Unterkunft. Sehr netter Gastgeber! | It was great place to stay. Olle was very kind and helpful, amazing location as well, it was close to everything.",Exact distinct count skipped for high-cardinality free-text column.
